object_id,ra,decl,gal_l,gal_b,ddf,hostgal_specz,hostgal_photoz,hostgal_photoz_err,distmod,mwebv,target
1926,149.414062,1.940072,236.565366,41.393322999999995,1,0.0,0.0,0.0,,0.018000000000000002,65
3489,150.117188,2.836105,236.12471800000003,42.483719,1,1.133,1.4377,0.2168,45.0753,0.016,88
3910,0.5895199999999999,-47.161343,325.385896,-67.76989300000001,1,0.1969,2.6766,0.5926,46.7274,0.009000000000000001,62
4595,349.615387,-63.636005000000004,318.92724599999997,-50.506541999999996,1,0.5919,0.5995,0.0127,42.737,0.018000000000000002,90
7164,347.861847,-61.943836,321.519104,-51.424048,1,0.4299,0.4245,0.0288,41.8371,0.017,90
7756,149.414062,2.238686,236.239766,41.565558,1,0.0,0.0,0.0,,0.017,16
8328,1.694561,-45.191612,326.278557,-69.858253,1,0.3779,0.4808,0.297,42.1592,0.011000000000000001,90
10337,54.66796899999999,-27.615883,223.61078500000002,-53.05084,1,0.683,0.6725,0.0089,43.0404,0.009000000000000001,90
10798,351.299988,-62.3204,319.03859700000004,-52.026866999999996,1,0.1778,0.1872,0.0121,39.7959,0.018000000000000002,42
11359,349.966217,-62.696659,319.54298900000003,-51.376556,1,0.1529,0.1415,0.0072,39.1281,0.021,42
12872,347.861847,-61.943836,321.519104,-51.424048,1,0.0,0.0,0.0,,0.017,65
15674,0.965665,-46.37508,325.845907,-68.579427,1,0.2927,0.2727,0.3286,40.7172,0.006999999999999999,90
15845,53.789062,-27.784405,223.68569700000003,-53.845803000000004,1,0.3174,0.3471,0.8216,41.3232,0.009000000000000001,90
18507,352.711273,-63.823657999999995,316.922299,-51.059403,1,0.3755,0.3457,0.023,41.3125,0.024,88
18706,34.277344,-5.67919,170.31493,-60.410322,1,0.1706,0.1766,0.0158,39.6556,0.02,62
20934,348.908447,-63.823657999999995,319.16988599999996,-50.176186,1,0.0999,2.5704,1.2137,46.6209,0.018000000000000002,42
22574,150.996094,2.985506,236.647967,43.28735,1,0.0,0.0,0.0,,0.02,16
25003,359.814819,-44.399834000000006,330.775011,-69.801007,1,0.3137,0.2996,0.0218,40.9523,0.009000000000000001,90
25577,348.529419,-61.75544,321.29398,-51.763351,1,0.4028,0.3918,0.017,41.6314,0.016,90
26531,351.259003,-64.386185,317.34486,-50.255113,1,2.5314,2.4324,0.2792,46.4755,0.02,88
26660,347.84671000000003,-64.760857,318.929827,-49.143596,1,0.0,0.0,0.0,,0.019,65
29252,51.855469,-28.630989000000003,224.73326,-55.649871999999995,1,0.1439,0.1421,0.0233,39.1376,0.009000000000000001,42
31033,349.891296,-64.573555,317.972107,-49.786192,1,0.0,0.0,0.0,,0.023,65
31310,149.238281,3.882372,234.283829,42.351155,1,0.0,0.0,0.0,,0.033,92
31605,150.292969,2.6867240000000003,236.42748799999998,42.541447,1,0.0,0.0,0.0,,0.016,65
32238,34.101562,-5.829153,170.247753,-60.638325,1,0.0,0.0,0.0,,0.019,16
32695,358.636353,-46.768478,328.890146,-67.388837,1,0.7689,0.7806,0.0113,43.4371,0.008,90
33419,150.820312,3.7328339999999995,235.66631800000002,43.572109000000005,1,0.7462,0.7461,0.0356,43.3165,0.016,90
34166,0.18987300000000001,-45.586655,328.254458,-68.969298,1,0.0873,0.0909,0.0246,38.0959,0.006999999999999999,42
34243,34.101562,-5.829153,170.247753,-60.638325,1,0.1416,0.5642,0.3631,42.5771,0.019,88
36153,150.46875,1.6415099999999998,237.714575,42.075234,1,0.2547,0.2589,0.0256,40.5887,0.017,52
36671,149.589844,3.583322,234.885369,42.474696,1,0.0,0.0,0.0,,0.024,65
36783,349.966217,-62.696659,319.54298900000003,-51.376556,1,0.1287,0.1431,0.0129,39.1539,0.021,90
37865,151.171875,2.238686,237.619933,42.994783,1,0.2263,0.2221,0.0172,40.2112,0.024,90
40290,35.859375,-4.630479,171.270769,-58.580806,1,0.3153,0.5118,0.8469,42.3221,0.022000000000000002,42
41515,358.648071,-46.37508,329.462659,-67.716008,1,0.572,0.5797,0.0188,42.6484,0.009000000000000001,90
42118,0.574468,-45.98114,327.041068,-68.778764,1,0.1801,0.1977,0.0131,39.9287,0.006,62
42333,346.5625,-63.448283999999994,320.82472,-49.866957,1,0.1921,0.2046,0.0101,40.0116,0.021,67
42689,346.5625,-63.448283999999994,320.82472,-49.866957,1,0.0,0.0,0.0,,0.021,65
43028,51.679688,-27.447618,222.618229,-55.642263,1,0.1366,0.1364,0.0092,39.0408,0.01,42
43337,51.328125,-27.447618,222.535046,-55.950727,1,0.1775,0.2488,0.018,40.4902,0.013000000000000001,90
43962,347.861847,-61.943836,321.519104,-51.424048,1,0.6595,0.6813,0.034,43.075,0.017,90
45127,35.859375,-4.630479,171.270769,-58.580806,1,0.1378,0.1359,0.0125,39.0331,0.022000000000000002,90
45349,32.695312,-4.929937000000001,166.868469,-60.84123,1,0.2821,2.6404,0.9837,46.6916,0.018000000000000002,67
47725,351.259003,-64.386185,317.34486,-50.255113,1,0.3615,0.295,0.7526,40.9133,0.02,90
48575,32.695312,-4.929937000000001,166.868469,-60.84123,1,0.7796,0.7698,0.0437,43.4,0.018000000000000002,90
54883,347.617462,-62.508568000000004,321.121462,-50.904708,1,0.7844,0.8578,0.0392,43.6891,0.019,88
55002,52.207031,-28.29155,224.208534,-55.30015699999999,1,0.4345,0.4175,0.0286,41.7946,0.006999999999999999,90
55060,51.855469,-28.630989000000003,224.73326,-55.649871999999995,1,0.0234,0.0824,0.0202,37.868,0.009000000000000001,42
59463,52.03125,-26.443334999999998,220.96366899999998,-55.16855699999999,1,0.1439,0.1438,0.0169,39.1654,0.013999999999999999,42
59580,1.7532470000000002,-46.768478,324.030235,-68.498041,1,0.4178,0.502,0.7485,42.2716,0.013999999999999999,42
60098,53.26171899999999,-27.615883,223.280041,-54.281374,1,0.2529,0.2478,0.0697,40.4804,0.006,90
62541,347.013428,-62.508568000000004,321.472056,-50.73533,1,0.549,0.328,0.8012,41.1797,0.018000000000000002,90
64896,347.84671000000003,-64.760857,318.929827,-49.143596,1,0.0991,0.1224,1.1874,38.7854,0.019,42
65877,349.891296,-64.573555,317.972107,-49.786192,1,0.0,0.0,0.0,,0.023,65
66904,349.285706,-62.884678,319.786163,-51.046461,1,0.0,0.0,0.0,,0.018000000000000002,16
68276,33.398438,-3.7328339999999995,166.49228,-59.466614,1,0.0251,0.0342,0.0167,35.8818,0.022000000000000002,42
70046,351.321442,-64.198746,317.458993,-50.429930999999996,1,0.3441,0.3129,0.028,41.061,0.023,90
71126,53.96484399999999,-28.630989000000003,225.14295,-53.813613000000004,1,0.3021,0.5146,0.5741,42.3363,0.009000000000000001,62
72337,34.277344,-5.079716,169.526841,-59.95664,1,0.2449,0.2107,0.1165,40.0824,0.019,90
72489,53.61328100000001,-26.944359000000002,222.23740299999997,-53.86385799999999,1,0.8358,0.8312,0.0197,43.6047,0.009000000000000001,90
73236,33.398438,-3.7328339999999995,166.49228,-59.466614,1,0.1398,0.528,0.4528,42.4036,0.022000000000000002,90
75116,349.891296,-64.573555,317.972107,-49.786192,1,0.0,0.0,0.0,,0.023,16
76304,348.595886,-63.07261999999999,320.02328900000003,-50.71306,1,2.4303,2.6811,1.0262,46.7317,0.021,95
78095,151.699219,3.583322,236.53322400000002,44.205648,1,0.0,0.0,0.0,,0.016,65
78233,148.710938,2.836105,235.05080099999998,41.328739,1,0.2391,0.206,0.0706,40.0283,0.031,90
79155,1.666667,-44.399834000000006,327.51919,-70.529554,1,0.4097,0.4154,0.016,41.7815,0.009000000000000001,42
81252,33.574219,-4.7801919999999996,168.06458700000002,-60.175886,1,0.1494,0.1737,0.6985,39.6157,0.019,62
83954,346.276581,-64.011238,320.448031,-49.344136,1,0.439,0.4535,0.0428,42.0079,0.019,90
84306,151.171875,2.537361,237.288526,43.169764,1,0.0,0.0,0.0,,0.024,16
85490,348.908447,-63.823657999999995,319.16988599999996,-50.176186,1,0.2537,0.5506,0.288,42.513,0.018000000000000002,90
87703,51.855469,-26.276812,220.62703100000002,-55.293792,1,0.3246,0.5019,0.3014,42.2711,0.013999999999999999,90
88980,351.382965,-64.011238,317.574052,-50.604657,1,0.0,0.0,0.0,,0.023,16
89157,348.908447,-63.823657999999995,319.16988599999996,-50.176186,1,0.0,0.0,0.0,,0.018000000000000002,92
90814,348.595886,-63.07261999999999,320.02328900000003,-50.71306,1,0.2252,0.2208,0.0172,40.1971,0.021,62
92334,350.230255,-61.943836,320.053946,-52.070537,1,0.0,0.0,0.0,,0.017,65
93333,151.171875,1.342993,238.60252000000003,42.464379,1,0.4029,0.3217,0.4659,41.131,0.026000000000000002,90
94004,52.91015600000001,-27.953188,223.77408300000002,-54.639214,1,0.2354,0.2257,0.0162,40.251,0.006999999999999999,62
97406,347.84671000000003,-64.760857,318.929827,-49.143596,1,0.1163,0.0897,0.8592,38.0649,0.019,15
97957,1.7234040000000002,-45.98114,325.117958,-69.180825,1,0.2947,0.2906,0.0093,40.8754,0.01,90
99862,52.207031,-28.29155,224.208534,-55.30015699999999,1,0.581,0.5733,0.0141,42.6194,0.006999999999999999,42
100097,348.529419,-61.75544,321.29398,-51.763351,1,0.1566,0.1745,0.0186,39.6271,0.016,42
101508,358.648071,-46.37508,329.462659,-67.716008,1,0.0656,0.0249,0.013,35.1822,0.009000000000000001,90
102343,51.328125,-27.447618,222.535046,-55.950727,1,0.1081,0.1422,0.0164,39.1394,0.013000000000000001,67
102864,0.574468,-45.98114,327.041068,-68.778764,1,0.2123,0.2254,0.0097,40.2473,0.006,42
106594,0.5895199999999999,-47.161343,325.385896,-67.76989300000001,1,0.2403,0.237,1.0591,40.371,0.009000000000000001,88
106743,0.574468,-45.98114,327.041068,-68.778764,1,0.2154,0.2539,0.015,40.5405,0.006,90
107451,347.861847,-61.943836,321.519104,-51.424048,1,0.0,0.0,0.0,,0.017,65
108141,53.789062,-27.784405,223.68569700000003,-53.845803000000004,1,0.2179,0.2239,0.0151,40.2317,0.009000000000000001,90
108358,349.891296,-64.573555,317.972107,-49.786192,1,0.0769,0.2433,1.0869,40.435,0.023,52
109294,359.814819,-44.399834000000006,330.775011,-69.801007,1,0.3014,0.3643,0.807,41.4461,0.009000000000000001,90
109516,1.7532470000000002,-46.768478,324.030235,-68.498041,1,0.3828,0.3941,0.0095,41.6466,0.013999999999999999,95
110257,148.886719,2.6867240000000003,235.347248,41.389003,1,0.9318,0.8495,0.0379,43.6631,0.027999999999999997,88
110387,151.347656,4.181528,235.568369,44.259941999999995,1,0.4318,0.4218,0.6713,41.8205,0.016,90
110958,349.615387,-63.636005000000004,318.92724599999997,-50.506541999999996,1,0.463,0.4742,0.5031,42.1236,0.018000000000000002,90
111448,51.855469,-27.953188,223.543603,-55.56146999999999,1,0.0,0.0,0.0,,0.008,65
112717,35.683594,-5.379379,171.992947,-59.253501,1,0.2867,0.3138,0.8216,41.068,0.02,67
112886,351.953644,-62.13215600000001,318.777388,-52.347124,1,0.0,0.0,0.0,,0.019,65
114715,0.965665,-46.37508,325.845907,-68.579427,1,0.2141,0.202,0.0362,39.9807,0.006999999999999999,67
115053,33.925781,-5.979157,170.179895,-60.866303,1,0.1649,0.1424,0.2329,39.1427,0.022000000000000002,42
115157,2.457983,-45.389202000000004,324.63268500000004,-69.945696,1,0.6382,0.5628,0.0442,42.5706,0.011000000000000001,90
115638,358.665253,-45.783966,330.353593,-68.203652,1,0.6365,0.6239,0.0079,42.842,0.009000000000000001,90
116818,359.805206,-46.768478,327.135979,-67.829903,1,0.6528,0.7091,0.0211,43.1811,0.011000000000000001,88
117461,53.26171899999999,-27.615883,223.280041,-54.281374,1,0.0,0.0,0.0,,0.006,92
118979,2.457983,-45.389202000000004,324.63268500000004,-69.945696,1,0.2374,0.528,0.142,42.4036,0.011000000000000001,67
121107,35.332031,-5.979157,172.286722,-59.931743000000004,1,0.544,0.2209,0.2405,40.1982,0.022000000000000002,90
121705,352.132874,-63.636005000000004,317.424173,-51.095855,1,0.1125,0.1219,0.0187,38.7767,0.021,42
123244,1.363636,-46.768478,324.669342,-68.371416,1,0.4582,0.3682,0.3963,41.4728,0.008,42
123437,348.595886,-63.07261999999999,320.02328900000003,-50.71306,1,0.1987,0.2137,0.0164,40.1178,0.021,52
123493,34.804688,-5.829153,171.307861,-60.174401,1,1.0395,0.9736,0.2348,44.0284,0.023,95
124679,346.276581,-64.011238,320.448031,-49.344136,1,0.3602,0.3409,0.0345,41.2771,0.019,52
125762,1.7532470000000002,-46.768478,324.030235,-68.498041,1,0.0,0.0,0.0,,0.013999999999999999,65
127773,53.085938,-27.111859999999997,222.38429100000002,-54.355086,1,0.0,0.0,0.0,,0.006999999999999999,65
128518,34.101562,-5.829153,170.247753,-60.638325,1,0.5644,0.5449,0.042,42.4859,0.019,90
128967,150.644531,3.583322,235.698235,43.342784,1,0.3145,0.3149,0.0153,41.077,0.018000000000000002,90
129490,34.453125,-5.229529,169.987075,-59.956185,1,0.3803,0.4821,0.2384,42.1664,0.019,42
131488,0.965665,-46.37508,325.845907,-68.579427,1,0.2691,0.2621,0.0183,40.6187,0.006999999999999999,90
131492,150.820312,3.7328339999999995,235.66631800000002,43.572109000000005,1,0.0,0.0,0.0,,0.016,16
132021,359.058563,-45.191612,330.695783,-68.844915,1,0.2525,0.6394,0.1855,42.9069,0.011000000000000001,90
135097,151.171875,1.342993,238.60252000000003,42.464379,1,0.2066,0.3032,0.0238,40.9819,0.026000000000000002,42
138068,150.292969,2.6867240000000003,236.42748799999998,42.541447,1,0.227,2.7496,0.8355,46.7979,0.016,42
138415,349.429535,-62.508568000000004,320.039643,-51.393745,1,0.2761,0.25,0.0203,40.5026,0.02,42
142099,52.207031,-26.610097999999997,221.298836,-55.042928,1,0.0,0.0,0.0,,0.013999999999999999,65
142866,150.996094,2.388015,237.31391200000002,42.939977,1,0.6327,0.6476,0.0215,42.9408,0.021,42
143651,34.101562,-5.829153,170.247753,-60.638325,1,0.359,0.344,0.0396,41.3003,0.019,90
143865,33.925781,-5.979157,170.179895,-60.866303,1,0.0,0.0,0.0,,0.022000000000000002,16
144244,33.222656,-4.7801919999999996,167.51565300000001,-60.396584,1,0.212,0.6014,0.1268,42.7453,0.018000000000000002,90
150266,349.615387,-63.636005000000004,318.92724599999997,-50.506541999999996,1,0.0,0.0,0.0,,0.018000000000000002,16
152567,150.996094,4.181528,235.291975,43.970869,1,0.0,0.0,0.0,,0.015,16
152756,150.996094,4.181528,235.291975,43.970869,1,0.1326,0.1837,0.4894,39.7513,0.015,62
152812,32.695312,-4.929937000000001,166.868469,-60.84123,1,2.2378,2.2813,0.0673,46.3061,0.018000000000000002,88
154986,150.996094,2.985506,236.647967,43.28735,1,0.0,0.0,0.0,,0.02,16
155541,151.347656,4.181528,235.568369,44.259941999999995,1,0.5115,0.4788,0.0312,42.1482,0.016,90
156739,351.321442,-64.198746,317.458993,-50.429930999999996,1,0.3405,0.4842,0.8467,42.1775,0.023,90
158042,1.666667,-44.399834000000006,327.51919,-70.529554,1,0.1965,0.2093,0.0089,40.0667,0.009000000000000001,90
158813,150.820312,3.1349270000000002,236.341348,43.230123,1,0.1966,0.1962,0.0134,39.9093,0.016,62
159277,359.805206,-46.768478,327.135979,-67.829903,1,0.6452,0.589,0.0356,42.6903,0.011000000000000001,90
160921,349.16058300000003,-64.760857,318.21970600000003,-49.458923999999996,1,0.0,0.0,0.0,,0.02,65
165406,351.321442,-64.198746,317.458993,-50.429930999999996,1,0.0,0.0,0.0,,0.023,65
165494,349.615387,-63.636005000000004,318.92724599999997,-50.506541999999996,1,0.2616,0.2665,0.0118,40.6604,0.018000000000000002,90
165507,151.171875,1.342993,238.60252000000003,42.464379,1,0.2323,0.2251,0.0187,40.2445,0.026000000000000002,67
166165,150.117188,2.836105,236.12471800000003,42.483719,1,0.0,0.0,0.0,,0.016,16
166956,359.81170699999996,-45.191612,329.485675,-69.15090500000001,1,0.0,0.0,0.0,,0.01,65
169678,358.648071,-46.37508,329.462659,-67.716008,1,0.2524,0.2602,0.0109,40.6015,0.009000000000000001,90
169967,52.55859399999999,-27.279613,222.538937,-54.84510699999999,1,0.0,0.0,0.0,,0.008,16
172164,0.574468,-45.98114,327.041068,-68.778764,1,0.4417,0.4427,0.0239,41.9455,0.006,42
173059,352.398651,-62.696659,318.017427,-51.967966,1,0.2911,0.2265,0.116,40.2597,0.02,90
173317,33.222656,-4.7801919999999996,167.51565300000001,-60.396584,1,0.1632,2.6058,1.2349,46.6569,0.018000000000000002,88
175185,32.871094,-4.7801919999999996,166.95949299999998,-60.615131999999996,1,0.3289,0.3286,0.0217,41.1846,0.017,90
176224,1.7234040000000002,-45.98114,325.117958,-69.180825,1,0.2562,0.3819,0.934,41.566,0.01,90
177149,53.085938,-28.122234000000002,224.10090899999997,-54.509752,1,0.3162,0.3103,0.0124,41.0402,0.006999999999999999,88
177291,1.7532470000000002,-46.768478,324.030235,-68.498041,1,0.8075,0.7996,0.0342,43.5012,0.013999999999999999,90
177808,150.117188,3.7328339999999995,235.120533,42.993809000000006,1,0.1237,0.1682,0.0648,39.5395,0.02,42
177970,346.130127,-63.07261999999999,321.42310299999997,-50.042305,1,0.349,0.3189,0.0341,41.1091,0.02,90
178859,349.16058300000003,-64.760857,318.21970600000003,-49.458923999999996,1,0.2316,0.2316,0.0404,40.3139,0.02,90
179813,53.085938,-27.111859999999997,222.38429100000002,-54.355086,1,0.2025,0.193,0.0133,39.8703,0.006999999999999999,42
179834,2.097458,-45.783966,324.73784,-69.478613,1,0.4553,0.4428,0.712,41.9458,0.011000000000000001,90
183143,346.276581,-64.011238,320.448031,-49.344136,1,0.0,0.0,0.0,,0.019,65
183283,151.171875,2.238686,237.619933,42.994783,1,0.1665,0.5635,0.068,42.5741,0.024,90
183622,150.820312,3.7328339999999995,235.66631800000002,43.572109000000005,1,0.0,0.0,0.0,,0.016,65
184218,351.259003,-64.386185,317.34486,-50.255113,1,0.3562,0.3689,0.0129,41.4775,0.02,52
184736,149.414062,3.4338339999999996,234.919132,42.24555,1,0.3788,0.4404,0.3775,41.932,0.027000000000000003,42
185605,151.347656,4.181528,235.568369,44.259941999999995,1,0.0,0.0,0.0,,0.016,16
185701,0.574468,-45.98114,327.041068,-68.778764,1,0.3346,0.3343,0.0078,41.2276,0.006,90
186159,347.013428,-62.508568000000004,321.472056,-50.73533,1,0.4354,0.3534,0.0997,41.3686,0.018000000000000002,42
186171,351.321442,-64.198746,317.458993,-50.429930999999996,1,0.3601,0.3582,0.0089,41.403,0.023,90
186835,348.586945,-64.573555,318.693903,-49.477869,1,0.1906,0.22,0.4315,40.1886,0.018000000000000002,90
188405,349.285706,-62.884678,319.786163,-51.046461,1,0.0,0.0,0.0,,0.018000000000000002,65
188513,151.171875,2.537361,237.288526,43.169764,1,0.18,0.1564,0.016,39.3661,0.024,90
188609,346.276581,-64.011238,320.448031,-49.344136,1,0.1384,0.1321,0.0216,38.9661,0.019,52
190161,33.75,-4.630479,168.146242,-59.949071999999994,1,0.1904,0.1904,0.0131,39.8377,0.019,62
190303,52.207031,-28.630989000000003,224.800211,-55.343637,1,0.489,0.4647,0.2372,42.0707,0.009000000000000001,90
193610,53.61328100000001,-28.630989000000003,225.073365,-54.119461,1,0.3016,0.2757,0.8771,40.7444,0.006,90
194669,33.574219,-6.579592999999999,170.455585,-61.548218999999996,1,0.3242,0.5794,0.2393,42.6469,0.021,90
194937,51.855469,-27.953188,223.543603,-55.56146999999999,1,0.0,0.0,0.0,,0.008,65
195026,34.804688,-5.829153,171.307861,-60.174401,1,0.0,0.0,0.0,,0.023,65
195331,351.321442,-64.198746,317.458993,-50.429930999999996,1,0.0,0.0,0.0,,0.023,65
197299,148.710938,2.836105,235.05080099999998,41.328739,1,0.0,0.0,0.0,,0.031,16
197595,34.277344,-5.67919,170.31493,-60.410322,1,0.0,0.0,0.0,,0.02,65
198776,150.820312,1.6415099999999998,237.99450699999997,42.358984,1,0.093,2.479,0.7921,46.5256,0.02,90
199479,52.55859399999999,-27.279613,222.538937,-54.84510699999999,1,0.3229,1.9893,1.0844,45.943,0.008,67
200034,53.96484399999999,-28.630989000000003,225.14295,-53.813613000000004,1,0.1714,0.1713,0.0253,39.5832,0.009000000000000001,42
200148,349.966217,-62.696659,319.54298900000003,-51.376556,1,0.0,0.0,0.0,,0.021,65
202260,52.91015600000001,-27.953188,223.77408300000002,-54.639214,1,0.4751,0.4635,0.012,42.0645,0.006999999999999999,90
203203,52.91015600000001,-27.279613,222.625192,-54.536648,1,0.0665,0.0985,0.0358,38.2802,0.006999999999999999,90
203294,149.238281,3.882372,234.283829,42.351155,1,0.0764,0.0579,0.0156,37.0657,0.033,62
203686,2.097458,-45.783966,324.73784,-69.478613,1,0.391,0.4335,0.0347,41.8914,0.011000000000000001,90
203758,349.285706,-62.884678,319.786163,-51.046461,1,0.1407,2.6581,1.1435,46.7091,0.018000000000000002,42
205850,359.814819,-44.399834000000006,330.775011,-69.801007,1,1.2445,1.057,0.1388,44.249,0.009000000000000001,95
207549,34.453125,-5.229529,169.987075,-59.956185,1,0.2897,0.6191,0.3403,42.8214,0.019,90
207706,347.8125,-63.448283999999994,320.128971,-50.202348,1,0.5206,0.2638,0.1941,40.6348,0.021,90
208357,51.679688,-27.447618,222.618229,-55.642263,1,0.0,0.0,0.0,,0.01,65
209120,346.276581,-64.011238,320.448031,-49.344136,1,0.3691,0.3879,1.0409,41.6059,0.019,90
209171,359.814819,-44.399834000000006,330.775011,-69.801007,1,0.5199,0.4939,0.1415,42.2294,0.009000000000000001,90
209630,32.695312,-4.929937000000001,166.868469,-60.84123,1,1.1144,1.1085,0.0182,44.3768,0.018000000000000002,88
209911,358.648071,-46.37508,329.462659,-67.716008,1,1.2191,1.2122,0.0186,44.6172,0.009000000000000001,88
212064,349.285706,-62.884678,319.786163,-51.046461,1,0.0943,0.1065,0.0169,38.4622,0.018000000000000002,42
212084,53.4375,-29.142222999999998,225.90812000000003,-54.336118000000006,1,0.0,0.0,0.0,,0.008,65
215930,52.91015600000001,-27.279613,222.625192,-54.536648,1,0.4446,0.3845,0.0203,41.5833,0.006999999999999999,88
216337,150.820312,3.7328339999999995,235.66631800000002,43.572109000000005,1,0.2115,0.2523,0.9578,40.5251,0.016,42
220890,149.414062,3.4338339999999996,234.919132,42.24555,1,0.42,0.3958,0.0384,41.6575,0.027000000000000003,67
222108,34.980469,-6.279287999999999,172.180075,-60.389399,1,0.1588,0.1437,0.0122,39.164,0.023,42
222506,34.804688,-5.829153,171.307861,-60.174401,1,0.0,0.0,0.0,,0.023,65
222577,2.07113,-45.191612,325.606223,-69.989264,1,0.1684,0.1965,0.0113,39.9133,0.011000000000000001,67
223791,32.695312,-4.929937000000001,166.868469,-60.84123,1,0.0,0.0,0.0,,0.018000000000000002,65
224527,150.820312,3.7328339999999995,235.66631800000002,43.572109000000005,1,0.0,0.0,0.0,,0.016,92
225416,33.574219,-4.7801919999999996,168.06458700000002,-60.175886,1,1.8832,1.386,0.2469,44.977,0.019,88
225529,0.929752,-44.597992,328.53142599999995,-70.083244,1,0.2987,0.3269,0.0118,41.1715,0.011000000000000001,90
225773,349.429535,-62.508568000000004,320.039643,-51.393745,1,0.175,0.2067,0.2373,40.036,0.02,42
225919,0.965665,-46.37508,325.845907,-68.579427,1,1.1083,1.0803,0.0467,44.3076,0.006999999999999999,42
226891,346.65518199999997,-63.260487,320.952196,-50.040935,1,0.3242,0.4703,0.5941,42.1019,0.019,90
234724,53.61328100000001,-26.944359000000002,222.23740299999997,-53.86385799999999,1,0.0,0.0,0.0,,0.009000000000000001,16
235219,151.171875,2.537361,237.288526,43.169764,1,0.678,0.6513,0.0533,42.9558,0.024,90
235970,34.453125,-5.229529,169.987075,-59.956185,1,0.0,0.0,0.0,,0.019,65
237006,2.457983,-45.389202000000004,324.63268500000004,-69.945696,1,2.0538,2.0369,0.0466,46.0058,0.011000000000000001,88
239227,35.332031,-5.979157,172.286722,-59.931743000000004,1,0.2,0.2813,0.4386,40.795,0.022000000000000002,62
243552,33.75,-4.630479,168.146242,-59.949071999999994,1,0.4946,2.944,0.9229,46.9769,0.019,90
244733,347.8125,-63.448283999999994,320.128971,-50.202348,1,0.233,0.2453,0.009,40.4554,0.021,62
246012,52.91015600000001,-27.279613,222.625192,-54.536648,1,0.0,0.0,0.0,,0.006999999999999999,16
246247,53.61328100000001,-26.944359000000002,222.23740299999997,-53.86385799999999,1,0.2786,0.2902,0.0222,40.8728,0.009000000000000001,90
246511,33.574219,-5.379379,168.83809,-60.637536,1,0.2574,0.2351,0.0701,40.3504,0.017,90
246788,349.285706,-62.884678,319.786163,-51.046461,1,0.2527,0.3012,1.0979,40.9656,0.018000000000000002,67
247781,151.171875,1.342993,238.60252000000003,42.464379,1,0.0665,0.0847,0.0152,37.9328,0.026000000000000002,42
249956,52.91015600000001,-25.944481,220.36635,-54.301439,1,0.3123,0.3088,0.0547,41.0277,0.01,90
253072,52.207031,-28.29155,224.208534,-55.30015699999999,1,0.1768,0.1912,0.0175,39.8476,0.006999999999999999,42
259561,52.207031,-26.610097999999997,221.298836,-55.042928,1,0.0,0.0,0.0,,0.013999999999999999,92
261823,53.085938,-27.784405,223.52550899999997,-54.460747999999995,1,0.3842,0.4276,0.3391,41.8557,0.006999999999999999,90
266432,53.96484399999999,-28.630989000000003,225.14295,-53.813613000000004,1,0.3782,0.3741,0.0132,41.5132,0.009000000000000001,90
266651,0.929752,-44.597992,328.53142599999995,-70.083244,1,0.0,0.0,0.0,,0.011000000000000001,65
267911,347.861847,-61.943836,321.519104,-51.424048,1,0.285,0.5305,0.0765,42.416,0.017,42
269068,349.891296,-64.573555,317.972107,-49.786192,1,0.0,0.0,0.0,,0.023,65
269283,1.708861,-45.586655,325.688716,-69.520253,1,0.3701,0.4067,0.0529,41.7273,0.011000000000000001,90
272839,358.665253,-45.783966,330.353593,-68.203652,1,0.2358,0.1835,0.0219,39.7479,0.009000000000000001,90
273320,349.966217,-62.696659,319.54298900000003,-51.376556,1,0.0,0.0,0.0,,0.021,16
283139,1.7532470000000002,-46.768478,324.030235,-68.498041,1,0.5809,0.606,0.0571,42.7651,0.013999999999999999,62
284802,150.117188,2.238686,236.78461800000002,42.139082,1,0.0,0.0,0.0,,0.016,16
288967,151.171875,1.342993,238.60252000000003,42.464379,1,0.0,0.0,0.0,,0.026000000000000002,16
289325,1.7234040000000002,-45.98114,325.117958,-69.180825,1,0.3947,0.4298,0.03,41.8694,0.01,90
289591,150.644531,3.583322,235.698235,43.342784,1,0.0,0.0,0.0,,0.018000000000000002,65
289752,348.908447,-63.823657999999995,319.16988599999996,-50.176186,1,0.0,0.0,0.0,,0.018000000000000002,65
290030,350.230255,-61.943836,320.053946,-52.070537,1,0.5929,0.5852,0.0346,42.6731,0.017,90
290877,349.429535,-62.508568000000004,320.039643,-51.393745,1,0.4133,0.4218,0.0343,41.8206,0.02,90
292533,51.328125,-27.784405,223.13058900000001,-55.999499,1,0.2739,0.3193,0.3619,41.1122,0.013000000000000001,90
295725,150.820312,3.1349270000000002,236.341348,43.230123,1,0.2147,0.4873,0.6677,42.1944,0.016,90
300864,350.230255,-61.943836,320.053946,-52.070537,1,0.2466,0.2332,0.0078,40.3311,0.017,90
300965,34.804688,-5.829153,171.307861,-60.174401,1,0.0797,0.1216,0.0269,38.7712,0.023,42
301257,0.965665,-46.37508,325.845907,-68.579427,1,0.1265,0.072,1.1944,37.5613,0.006999999999999999,90
302077,53.789062,-27.784405,223.68569700000003,-53.845803000000004,1,0.0,0.0,0.0,,0.009000000000000001,65
302849,151.171875,1.342993,238.60252000000003,42.464379,1,0.0,0.0,0.0,,0.026000000000000002,65
302887,53.4375,-29.142222999999998,225.90812000000003,-54.336118000000006,1,0.2092,0.2098,0.0045,40.073,0.008,90
303200,53.26171899999999,-27.615883,223.280041,-54.281374,1,0.2581,0.2688,0.0138,40.6821,0.006,42
304076,34.101562,-5.829153,170.247753,-60.638325,1,0.0,0.0,0.0,,0.019,65
306095,33.574219,-5.379379,168.83809,-60.637536,1,0.2095,1.4678,0.2751,45.131,0.017,62
309268,148.886719,2.6867240000000003,235.347248,41.389003,1,0.2022,0.4787,0.301,42.1478,0.027999999999999997,42
309780,0.965665,-46.37508,325.845907,-68.579427,1,0.3162,0.3373,0.0151,41.2505,0.006999999999999999,90
309929,2.097458,-45.783966,324.73784,-69.478613,1,0.1392,0.0685,0.0308,37.448,0.011000000000000001,67
310975,35.859375,-4.630479,171.270769,-58.580806,1,0.1741,0.1761,0.0072,39.6489,0.022000000000000002,42
311226,51.855469,-27.953188,223.543603,-55.56146999999999,1,0.1246,0.1432,0.0283,39.1558,0.008,90
314331,150.46875,1.6415099999999998,237.714575,42.075234,1,0.3851,0.4047,0.0222,41.7143,0.017,90
316154,34.101562,-5.829153,170.247753,-60.638325,1,0.0,0.0,0.0,,0.019,16
316773,52.91015600000001,-27.279613,222.625192,-54.536648,1,0.2014,0.1761,0.0161,39.6487,0.006999999999999999,90
316866,34.277344,-5.079716,169.526841,-59.95664,1,0.0,0.0,0.0,,0.019,65
325806,149.414062,3.4338339999999996,234.919132,42.24555,1,0.2422,0.2037,0.0125,40.0009,0.027000000000000003,62
326272,151.699219,3.583322,236.53322400000002,44.205648,1,0.0,0.0,0.0,,0.016,92
329854,349.429535,-62.508568000000004,320.039643,-51.393745,1,0.0,0.0,0.0,,0.02,16
330311,348.908447,-63.823657999999995,319.16988599999996,-50.176186,1,0.0,0.0,0.0,,0.018000000000000002,16
330845,358.648071,-46.37508,329.462659,-67.716008,1,0.105,0.0987,0.017,38.2839,0.009000000000000001,42
332684,351.299988,-62.3204,319.03859700000004,-52.026866999999996,1,0.0,0.0,0.0,,0.018000000000000002,6
333434,152.050781,3.2843690000000003,237.15737400000003,44.318466,1,0.2013,0.1969,0.0232,39.9181,0.019,90
334749,351.73467999999997,-62.884678,318.28412799999995,-51.651216999999995,1,0.2162,0.2826,0.0192,40.8063,0.019,42
335815,151.171875,2.537361,237.288526,43.169764,1,1.3712,1.4831,0.0673,45.1587,0.024,88
337180,347.013428,-62.508568000000004,321.472056,-50.73533,1,0.4754,0.4833,0.2462,42.1729,0.018000000000000002,90
337743,351.953644,-62.13215600000001,318.777388,-52.347124,1,0.0,0.0,0.0,,0.019,65
338999,34.277344,-5.67919,170.31493,-60.410322,1,0.0,0.0,0.0,,0.02,65
1135496,78.398438,-36.609226,240.359179,-34.593319,0,0.246,0.2673,0.5579,40.6678,0.033,90
1135692,177.539062,-18.997131,283.433188,41.542691,0,0.4408,0.4523,0.0146,42.0008,0.037000000000000005,15
1150736,158.027344,-16.334823999999998,260.966474,34.945322,0,0.095,0.1054,0.0144,38.4362,0.063,42
1231534,44.472656,-9.291553,188.08633500000002,-55.245045999999995,0,0.1223,0.1176,0.0207,38.6919,0.04,42
1245166,81.79245,-60.623394,269.566561,-33.661440999999996,0,0.3033,0.348,0.853,41.3294,0.027000000000000003,90
1366732,193.183594,-20.742379999999997,303.340623,42.128339000000004,0,0.1174,0.0875,0.0125,38.0071,0.051,42
1563124,248.378906,-22.669609,355.547663,16.80866,0,0.1614,0.1671,0.0074,39.5233,0.617,15
1594469,214.101562,1.044512,344.483305,56.89749200000001,0,0.1066,0.0904,0.0136,38.0827,0.03,42
1597464,26.826922999999997,-61.189777,291.330302,-54.662135,0,0.0,0.0,0.0,,0.022000000000000002,65
1950799,222.011719,-30.691587,330.666691,25.825917999999998,0,0.3133,0.2937,0.021,40.9027,0.11199999999999999,42
2019652,346.46484399999997,-28.971533,22.194266,-66.68091,0,0.6116,0.619,0.2686,42.8211,0.021,90
2554534,207.788849,-42.809296,314.443294,18.723686999999998,0,0.1165,2.4178,1.111,46.4597,0.077,67
2994449,132.33871499999998,-55.490841,273.11326099999997,-7.332087,0,0.0,0.0,0.0,,0.225,92
3199544,237.128906,-8.989299,359.131274,33.932415999999996,0,0.0,0.0,0.0,,0.149,65
3364366,216.914062,-5.829153,341.716272,49.657303999999996,0,0.1922,0.1952,0.0151,39.8975,0.040999999999999995,42
3412167,101.25,-34.048595,243.42271499999998,-16.022517,0,0.0,0.0,0.0,,0.078,16
3433294,347.291656,-49.702389000000004,337.000438,-60.113861,0,0.0,0.0,0.0,,0.011000000000000001,65
3625643,31.816406,-8.989299,171.131254,-64.505544,0,0.0,0.0,0.0,,0.018000000000000002,65
4175952,109.511719,-2.089372,217.839854,4.956868,0,0.0,0.0,0.0,,0.11900000000000001,16
4397116,293.73046899999997,-14.169522,24.892941,-15.924145999999999,0,0.0,0.0,0.0,,0.17800000000000002,65
4521595,135.0,-12.788582,240.63429,21.148868,0,0.1314,0.1834,1.1115,39.7474,0.053,62
4539153,137.460938,-10.04835,239.779141,24.713484,0,0.0441,0.0545,0.0201,36.9303,0.051,64
4643171,72.070312,-33.689194,235.66287599999998,-39.196905,0,0.3955,0.3957,0.0318,41.6569,0.013000000000000001,90
4646946,110.74218799999998,-21.863451,235.892013,-3.240522,0,1.7394,1.747,0.0746,45.5969,0.586,95
4718501,132.042252,-50.285809,268.919908,-4.214005,0,0.4708,0.3741,0.3054,41.5136,1.155,88
4766293,14.238281,-19.471222,132.603413,-82.239198,0,0.8233,0.7962,0.0487,43.4898,0.016,90
4855013,162.914444,-55.299438,286.387599,3.6775160000000002,0,0.0,0.0,0.0,,0.439,53
4999074,140.976562,-10.04835,242.10242200000002,27.475995,0,0.0,0.0,0.0,,0.036000000000000004,16
5045585,257.695312,-19.946699,3.202023,11.54723,0,0.2679,0.2473,0.0231,40.4751,0.27,90
5137359,64.6875,-30.865254999999998,230.579641,-44.915667,0,0.3463,0.3289,0.0215,41.1869,0.04,90
5158565,107.578125,-28.461132,240.48394199999998,-8.797359,0,0.7281,0.7833,0.054,43.4462,0.132,90
5174610,179.296875,3.4338339999999996,271.904659,62.990134,0,0.4088,0.4559,0.0166,42.0215,0.03,90
5222442,351.73828100000003,-1.193748,81.39790699999999,-57.089299,0,0.4881,0.4564,0.2898,42.0245,0.045,90
5308777,234.316406,-2.6867240000000003,2.849943,40.15798,0,0.3375,0.292,0.1233,40.8875,0.153,90
5343694,348.046875,-41.610443,351.029144,-65.066402,0,0.0,0.0,0.0,,0.01,65
5487304,136.054688,-26.110529,252.270053,13.701015,0,0.0,0.0,0.0,,0.155,16
5631971,61.963352,-54.532821999999996,264.443929,-45.190933,0,0.1774,0.2045,0.0129,40.0101,0.011000000000000001,90
5709606,301.46484399999997,-34.590576,6.638567,-29.513003,0,0.3252,0.5266,0.6976,42.3963,0.105,90
5849046,51.855469,-36.79533,239.253459,-55.79248199999999,0,0.0,0.0,0.0,,0.011000000000000001,65
5936751,130.78125,-5.229529,231.393135,21.92886,0,0.0,0.0,0.0,,0.021,16
6125178,157.675781,-36.423573,273.694314,18.334122,0,0.0,0.0,0.0,,0.06,16
6591413,325.546875,-2.836105,52.761385,-38.699272,0,0.1844,0.1881,0.0144,39.8077,0.043,62
6729351,281.854828,-55.490841,340.443241,-21.524946,0,0.1363,0.1538,0.0164,39.3251,0.065,42
6751814,105.59761,-42.809296,253.20174,-16.181324,0,0.4999,0.5167,0.0136,42.347,0.083,90
6770531,98.581398,-49.896984,258.656686,-23.050529,0,0.0868,0.0768,0.0134,37.7083,0.034,90
6822542,321.214294,-50.868159999999996,346.971063,-44.607185,0,0.0,0.0,0.0,,0.018000000000000002,65
6849093,71.191406,-20.742379999999997,219.47775,-36.758984000000005,0,0.1215,0.1156,0.0201,38.6521,0.033,42
7019508,306.38671899999997,-33.868706,8.562559,-33.305467,0,0.0,0.0,0.0,,0.052000000000000005,65
7497540,86.484375,-32.619842999999996,237.62014100000002,-27.20247,0,0.2178,0.195,1.1554,39.8947,0.03,15
7512735,55.195312,-26.110529,221.305741,-52.319241,0,0.0,0.0,0.0,,0.009000000000000001,16
7550910,138.867188,-14.631667000000002,244.67342799999997,23.02092,0,0.0,0.0,0.0,,0.046,16
7713926,355.95703100000003,-15.094787,66.949101,-70.204284,0,0.2524,2.362,1.0881,46.398,0.023,42
8427624,245.58824199999998,-61.75544,325.30933,-8.431902000000001,0,0.0,0.0,0.0,,0.14300000000000002,16
8614569,93.164062,-23.806295000000002,230.699078,-18.734697,0,0.2023,0.208,0.0151,40.0521,0.027000000000000003,42
8684410,134.296875,-11.26298,238.87366600000001,21.480772,0,0.1196,0.1213,0.0191,38.7652,0.044000000000000004,42
8706513,75.058594,-14.785929999999999,214.37216899999999,-31.179188,0,1.136,1.2537,0.2417,44.7078,0.08900000000000001,95
8843338,118.15068799999999,-49.117878000000005,262.901713,-11.018726,0,0.0,0.0,0.0,,0.20600000000000002,65
9112192,305.507812,-4.929937000000001,39.043718,-22.372682,0,0.0793,0.0961,0.0792,38.2237,0.055,90
9621829,313.41796899999997,0.8952829999999999,48.859259,-26.442899,0,0.6941,0.5996,0.0694,42.7374,0.069,90
9727233,108.28125,-30.865254999999998,242.941904,-9.308292999999999,0,0.3093,0.3153,0.0073,41.08,0.114,42
9768568,219.902344,-16.64604,337.004223,38.964821,0,0.1676,0.1776,0.4415,39.6694,0.071,62
9883365,28.652344,-32.089951,236.601842,-75.418437,0,0.2158,0.1946,0.0117,39.8896,0.015,15
10331074,333.10546899999997,-15.713860999999998,41.833712,-51.457297,0,0.1382,0.1405,0.0053,39.1102,0.026000000000000002,42
10495026,254.003906,-11.71976,8.132319,19.143513000000002,0,0.1503,0.1171,0.0182,38.6829,0.361,15
10710732,318.802826,-50.285809,348.137816,-43.200984000000005,0,0.3848,0.4722,0.0503,42.1123,0.025,90
10819374,125.683594,-36.79533,255.36353799999998,0.191235,0,0.0,0.0,0.0,,0.8109999999999999,16
11039015,71.894531,-28.29155,228.842419,-38.267192,0,0.4641,0.4595,0.0085,42.042,0.025,90
11218868,164.92021200000002,-55.107937,287.339669,4.344389,0,0.0,0.0,0.0,,0.294,16
11414533,79.796509,-58.16036999999999,266.676206,-34.840723,0,0.0709,2.6473,1.105,46.6984,0.022000000000000002,42
11535014,145.653061,-44.003082,270.821644,6.7844869999999995,0,0.0,0.0,0.0,,0.237,16
11664992,307.79296899999997,-7.782714,37.383007,-25.688645,0,0.1417,0.1482,1.3183,39.2369,0.040999999999999995,42
11688781,1.937799,-51.062042,319.094206,-64.673343,0,1.0268,0.9452,0.1996,43.949,0.011000000000000001,88
12159099,152.96371499999998,-43.406857,274.64120499999996,10.527994,0,0.0,0.0,0.0,,0.122,16
12439100,22.5,-41.610443,276.770435,-73.501708,0,0.312,0.3231,0.0105,41.1416,0.017,90
12483253,58.876652,-47.55368,255.30534100000003,-48.902629,0,0.0,0.0,0.0,,0.006999999999999999,92
12726405,335.691956,-48.141209,346.73264700000004,-54.376773,0,0.7411,0.7367,0.0266,43.2828,0.011000000000000001,15
12815824,174.400925,-49.507675,290.815651,11.619195,0,0.0,0.0,0.0,,0.14300000000000002,16
13229512,68.203125,-26.443334999999998,225.49667999999997,-41.010681,0,0.6705,0.6413,0.069,42.9147,0.032,90
13288764,312.36328100000003,-28.29155,16.633373000000002,-37.017821999999995,0,0.0,0.0,0.0,,0.065,65
13791759,216.914062,-24.460293,329.32878999999997,33.432382000000004,0,0.0847,0.106,0.0127,38.4509,0.07,52
13891422,311.30859399999997,-22.024313,23.707079,-34.334641,0,0.0778,0.114,0.0188,38.62,0.043,15
14182273,143.789062,3.4338339999999996,230.92128399999999,37.540603999999995,0,1.4787,1.4474,0.0404,45.0933,0.023,95
14608459,321.095612,-42.809296,358.315179,-45.557928000000004,0,0.2739,0.2698,0.0069,40.6909,0.027000000000000003,15
14855523,106.52343799999998,-38.491302000000005,249.372475,-13.844447,0,0.0,0.0,0.0,,0.122,65
15498575,79.974091,-54.148899,261.785294,-34.910901,0,0.4034,0.415,0.0466,41.7787,0.022000000000000002,67
15514596,320.625,-33.689194,11.265761,-44.946622,0,0.8825,0.8742,0.0195,43.7398,0.078,90
15541983,95.449219,-14.169522,222.42873799999998,-12.880207,0,0.0,0.0,0.0,,0.23600000000000002,16
15703151,8.819094999999999,-52.994609999999994,308.47542799999997,-63.959343000000004,0,0.1772,0.5028,0.1958,42.2755,0.013000000000000001,67
15723500,316.23046899999997,-10.199917999999998,39.129278,-34.232701,0,0.0738,0.0836,0.0159,37.9023,0.08199999999999999,62
15929116,299.53125,-37.732746,2.718126,-28.749713,0,0.6112,0.6332,0.0168,42.881,0.081,90
16241872,60.829147,-52.994609999999994,262.621027,-46.285005,0,0.2817,0.2426,0.1519,40.428,0.012,88
16390872,270.87890600000003,0.596842,27.943614,10.922646,0,0.0,0.0,0.0,,0.37,16
16439973,148.007812,-31.914005,264.143083,17.128631,0,0.2014,0.1825,0.0171,39.735,0.083,90
16598333,54.84375,-22.831406,215.99069,-51.873762,0,2.1459,2.1726,0.2255,46.1769,0.019,88
16791483,91.94882199999999,-42.210369,249.219915,-25.539089,0,0.3546,0.4053,0.7794,41.718,0.05,90
17256338,109.6875,-12.177298,226.86156200000002,0.415137,0,0.0,0.0,0.0,,0.631,92
17346850,41.835938,0.44762799999999997,172.97675800000002,-50.804323,0,0.5141,0.5296,0.2223,42.4116,0.034,95
17357163,204.082031,-23.643314,316.023448,38.08461,0,0.0,0.0,0.0,,0.08900000000000001,65
17369404,7.207031,-5.079716,108.2026,-67.302623,0,0.0,0.0,0.0,,0.032,65
17694012,63.28125,-21.863451,217.869933,-44.111805,0,0.3196,0.3151,0.0113,41.0787,0.031,62
17857634,80.332031,-27.953188,230.789102,-30.993338,0,0.4169,0.2966,0.7701,40.927,0.023,95
17888918,217.089844,-16.64604,333.97353300000003,40.312109,0,0.2795,0.2831,0.4337,40.8106,0.105,42
18151280,217.617188,-31.563115999999997,326.482601,26.740321999999995,0,0.4885,0.4682,0.3981,42.0905,0.076,90
18170701,348.22265600000003,-7.180756,68.884825,-59.274395999999996,0,0.3055,0.3138,0.0115,41.0684,0.036000000000000004,90
18210617,258.22265600000003,-19.15501,4.155292,11.586335,0,1.0014,1.0443,0.0324,44.2166,0.259,88
18211253,348.79745499999996,-45.586655,342.578427,-63.435545999999995,0,0.0,0.0,0.0,,0.008,16
18368812,115.952377,-54.916332,267.528569,-14.907438,0,0.3074,0.2963,0.0194,40.9244,0.156,90
18396245,158.203125,-24.788560999999998,267.05046,28.258482,0,0.0,0.0,0.0,,0.05,65
18438050,49.394531,-7.782714,190.583845,-50.377229,0,0.5376,0.58,0.218,42.6498,0.06,90
18754154,93.241524,-45.783966,253.311493,-25.499737,0,0.2497,0.2575,0.1026,40.5749,0.032,90
18855490,91.757812,-26.443334999999998,232.811912,-20.885014,0,0.0,0.0,0.0,,0.03,65
19020589,97.734375,-6.429418,216.35394399999998,-7.473285000000001,0,0.8981,0.8942,0.0158,43.8004,0.6970000000000001,88
19292718,28.325893,-48.141209,277.222486,-65.782227,0,0.2339,2.7985,1.0943,46.8442,0.013999999999999999,90
19402817,339.257812,-14.015684,48.830863,-56.061882999999995,0,0.1417,1.0231,0.9212,44.1616,0.04,90
19496909,80.15625,-14.015684,215.79689,-26.340546000000003,0,0.2637,0.2639,0.0062,40.6357,0.098,52
19582731,166.289062,-26.777105,275.368815,30.344932,0,0.0,0.0,0.0,,0.042,65
19766291,336.686737,-43.207821,354.526547,-56.703118,0,0.093,1.6753,0.3168,45.485,0.013999999999999999,42
19841339,138.691406,-23.317957,251.676405,17.335073,0,0.4415,0.4868,0.2617,42.1917,0.10800000000000001,90
20234539,143.294937,-49.507675,273.299355,1.607645,0,0.0,0.0,0.0,,1.307,92
20272112,282.83203100000003,-29.313198,6.370261,-12.877677,0,0.1784,2.5513,1.0909,46.6012,0.147,90
20539244,328.710938,-25.117701,25.565182,-50.512844,0,0.1048,0.056,0.0379,36.9917,0.032,64
20639413,155.214844,-24.624317,264.473565,26.783822999999998,0,0.0,0.0,0.0,,0.043,92
20672879,24.082031,-8.989299,155.348659,-68.986429,0,0.42,0.3963,0.6433,41.6607,0.025,15
20796602,29.179688,0.44762799999999997,155.22858300000001,-58.27030500000001,0,0.3444,0.4296,0.3821,41.868,0.027999999999999997,90
21400791,15.46875,-17.113819,137.01411299999998,-79.699061,0,0.4155,0.4185,0.0188,41.8007,0.019,90
21514821,161.191406,-22.346588,268.081156,31.81767,0,0.1182,2.5752,0.971,46.6258,0.046,42
21692191,197.226562,-24.132875,308.030842,38.565866,0,0.2428,0.2508,0.5802,40.5096,0.113,88
22243191,319.725006,-52.801853,344.597702,-43.315773,0,0.2051,0.2202,0.0206,40.1906,0.021,15
22499517,317.109375,-8.536388,41.398492,-34.265221000000004,0,0.2545,2.0741,1.1905,46.0538,0.066,15
22573927,320.376099,-47.749653,351.417554,-44.583474,0,0.5092,0.5151,0.0271,42.3386,0.031,90
22709656,273.269226,-46.178181,347.433483,-13.080744000000001,0,0.0,0.0,0.0,,0.11900000000000001,16
23039398,197.588837,-53.379799,305.789253,9.386964,0,0.0,0.0,0.0,,0.43700000000000006,16
23097889,94.746094,-38.300922,245.75375099999997,-22.407198,0,0.2684,0.2294,0.0197,40.2906,0.068,62
23602620,120.761719,-6.279287999999999,226.979558,12.830192,0,0.1466,0.1746,0.0156,39.6286,0.062,42
23620151,170.15625,0.14920799999999998,260.237123,55.306963,0,0.4038,0.3993,0.0304,41.6802,0.032,42
23786121,200.489365,-45.98114,308.455634,16.563024,0,0.2517,0.2522,0.0039,40.5236,0.07400000000000001,90
23962848,39.375,-0.7460600000000001,171.32741299999998,-53.344837,0,0.0,0.0,0.0,,0.027000000000000003,92
24387059,201.648651,-55.682143999999994,307.909444,6.8494649999999995,0,0.0,0.0,0.0,,0.485,6
24531840,264.726562,-6.729813,18.366529,12.805387,0,0.0,0.0,0.0,,0.9540000000000001,6
24540253,331.69921899999997,-8.385539,50.794276,-46.834528999999996,0,0.255,0.5079,0.2576,42.3021,0.027999999999999997,42
24548184,348.467346,-52.994609999999994,331.277077,-58.429866000000004,0,0.1332,0.1678,0.0136,39.5338,0.01,15
24894879,195.644531,-33.868706,305.57441800000004,28.945877000000003,0,0.0,0.0,0.0,,0.051,65
25067646,326.497803,-47.55368,350.637196,-48.675979,0,0.2474,0.2539,0.0089,40.5408,0.018000000000000002,88
25076289,282.469879,-43.207821,352.931811,-17.925304,0,0.1091,0.2158,0.3468,40.1407,0.063,15
25176849,18.28125,-34.409527000000004,271.674092,-81.359695,0,0.2038,0.1927,1.1946,39.866,0.017,42
25796793,116.894531,-9.291553,227.7245,8.012065,0,0.0,0.0,0.0,,0.105,92
26044516,213.222656,-31.738394,322.517718,28.016769,0,0.4716,0.4592,0.0247,42.0398,0.064,90
26463927,96.503906,-2.089372,211.89390099999997,-6.608186999999999,0,0.0,0.0,0.0,,0.389,16
26668006,203.730469,-13.86195,318.710974,47.673137,0,0.1146,0.1223,0.0143,38.785,0.062,15
26684850,105.292969,-28.29155,239.444272,-10.535383,0,0.028,0.0297,0.0157,35.5733,0.11900000000000001,64
27009588,316.58203100000003,-23.317957,24.016837,-39.363144,0,0.6658,0.6521,0.0249,42.959,0.053,90
27431216,180.941422,-45.191612,294.184376,16.86889,0,0.4762,0.4896,0.0203,42.2066,0.09300000000000001,90
27570837,96.567566,-55.682143999999994,264.526175,-25.568972,0,0.213,0.2112,0.0237,40.0881,0.08199999999999999,62
27655935,18.808594,-20.105511,161.98663,-81.11362,0,0.2021,0.1985,0.0187,39.9382,0.013000000000000001,90
28073345,133.945312,-6.129201,234.063954,24.092284,0,0.3172,0.5147,0.1708,42.337,0.023,90
28318934,95.625,-27.447618,235.13187599999998,-18.037553,0,0.3184,0.2995,0.0108,40.9513,0.044000000000000004,90
28710479,327.13235499999996,-52.029728000000006,343.988827,-47.877256,0,0.3209,0.316,0.041,41.0856,0.013000000000000001,15
28730623,146.25,-31.914005,262.98019500000004,16.136232,0,0.5051,0.5954,0.0478,42.7185,0.096,90
28907681,162.597656,-9.291553,259.880658,43.235807,0,0.3127,0.3119,0.0084,41.0533,0.038,90
29011171,189.813828,-55.107937,301.174323,7.722230000000001,0,0.0,0.0,0.0,,0.345,16
29241258,345.05859399999997,-2.985506,70.35865,-54.090143000000005,0,0.0983,0.0774,0.8213,37.7257,0.052000000000000005,90
29363058,67.148438,-38.491302000000005,241.469346,-43.662089,0,0.0,0.0,0.0,,0.026000000000000002,65
29654243,70.136719,-10.806923,207.728984,-33.92238,0,0.0,0.0,0.0,,0.064,16
29902908,151.77018700000002,-60.245399,283.855746,-3.6103989999999997,0,0.0,0.0,0.0,,0.496,92
29933389,343.476562,-1.044512,70.769616,-51.599078999999996,0,0.5024,0.5396,0.2011,42.46,0.07,15
30101939,206.542969,-11.71976,323.582515,48.944957,0,0.2524,0.4757,0.1738,42.1316,0.053,42
30144793,78.398438,-22.831406,224.473531,-31.103061,0,0.123,0.1217,0.0137,38.7737,0.031,15
30414766,332.40234399999997,-31.738394,15.516535000000001,-54.664954,0,0.0,0.0,0.0,,0.015,16
30534719,168.222656,-9.896853,266.740478,45.935746,0,0.2548,0.2951,0.0306,40.9145,0.046,42
30558039,53.42364499999999,-52.222923,263.892127,-50.767434,0,0.1991,0.1832,0.0089,39.744,0.013000000000000001,52
30576273,73.476562,-31.213542999999998,232.83947200000003,-37.572167,0,0.1672,0.189,0.027,39.819,0.016,42
31001297,291.26953100000003,-34.590576,3.989262,-21.470545,0,0.1609,0.1712,0.0148,39.5817,0.09699999999999999,42
31116320,130.957031,-29.656013,252.211023,7.969108,0,0.3761,0.3232,0.3771,41.1422,0.12300000000000001,90
31904681,351.929352,-55.873348,324.861893,-57.545961,0,0.4551,0.4481,0.0207,41.977,0.011000000000000001,90
32454888,166.866028,-51.062042,286.76046,8.515764,0,0.0,0.0,0.0,,0.308,65
32555628,146.25,-3.7328339999999995,239.997292,35.479327000000005,0,0.0,0.0,0.0,,0.045,65
32678830,147.832031,-6.579592999999999,243.923151,34.933408,0,0.4171,0.3894,0.6535,41.6154,0.06,42
32687569,211.640625,-23.480535999999997,324.408162,36.238563,0,0.3734,0.572,0.5485,42.6133,0.059000000000000004,52
32835374,39.199219,-39.450893,249.04708300000001,-64.905999,0,0.7527,0.7024,0.0424,43.1558,0.015,90
32957208,247.851562,-11.567418,4.484146,24.127751,0,0.0,0.0,0.0,,0.414,92
33266451,18.457031,-22.024313,169.05439199999998,-82.79364699999999,0,0.0928,0.0911,0.0119,38.0988,0.021,42
33627375,335.769226,-58.730056999999995,331.626704,-49.310016999999995,0,0.0,0.0,0.0,,0.02,16
33652637,236.953125,-31.563115999999997,341.449743,17.815565,0,0.5164,0.5202,0.0187,42.3643,0.102,52
33670176,314.82421899999997,-7.782714,40.96674,-31.908557000000002,0,0.2067,0.2063,0.008,40.0316,0.061,42
33829304,190.546875,-3.7328339999999995,298.44032000000004,59.058216,0,0.5377,0.5131,0.1688,42.3287,0.021,90
33860082,77.579185,-48.727589,255.111221,-36.399812,0,0.0348,0.0411,0.0114,36.2964,0.011000000000000001,90
33898090,41.660156,-20.105511,204.22351799999998,-62.762353000000004,0,0.273,0.2558,0.0084,40.5588,0.027000000000000003,90
34187658,82.089844,-35.318771000000005,239.564615,-31.408004,0,0.5477,0.5324,0.015,42.4252,0.027999999999999997,90
34238974,184.746094,-13.554784,290.967115,48.561571,0,0.1111,0.1465,0.0626,39.2097,0.049,62
34755672,100.347595,-55.299438,264.638354,-23.396197,0,0.2694,0.2764,0.0256,40.751,0.107,90
34975830,41.132812,-3.7328339999999995,176.981723,-54.275526,0,0.0,0.0,0.0,,0.023,65
35160935,91.831398,-58.16036999999999,266.830827,-28.501588,0,0.0,0.0,0.0,,0.037000000000000005,65
35268410,142.558594,-23.969482,254.69098300000002,19.524914000000003,0,0.0,0.0,0.0,,0.061,6
35473629,232.382812,-9.442778,354.789904,37.04155,0,0.8749,0.865,0.088,43.7116,0.121,88
35748453,178.242188,1.940072,271.386097,61.178422,0,0.2108,0.212,0.0045,40.0979,0.015,62
35879236,106.52343799999998,-7.933337,221.65742799999998,-0.37845700000000004,0,0.0,0.0,0.0,,1.105,16
36296411,78.574219,-19.78805,221.21309,-29.919971999999998,0,0.0,0.0,0.0,,0.032,16
36730764,245.742188,1.940072,15.851431,33.517468,0,0.2979,0.25,0.1253,40.5025,0.052000000000000005,42
37032540,206.370972,-55.490841,310.588937,6.575367999999999,0,0.0,0.0,0.0,,0.473,16
37178512,144.667969,-21.702768,254.377698,22.496607,0,0.1702,0.1656,0.0073,39.5022,0.051,67
37191125,39.902344,-22.669609,208.605835,-65.11931,0,0.4043,0.4246,0.0265,41.838,0.021,62
37206094,32.519531,-18.839405,192.43891000000002,-70.12756,0,0.3344,0.3661,0.0271,41.4579,0.018000000000000002,90
37268602,100.195312,-17.113819,227.135739,-10.004133,0,0.0687,0.0677,0.0036,37.4196,0.34600000000000003,15
37351723,216.25,-42.609806,320.722754,17.00671,0,0.2067,0.2141,0.0039,40.1217,0.12300000000000001,42
37397869,110.720932,-49.896984,261.41868999999997,-15.685788,0,0.5211,0.5315,0.0272,42.4205,0.154,15
37796269,318.69140600000003,-11.415158,39.073586999999996,-36.937837,0,0.418,0.4244,0.0195,41.8367,0.034,90
37830666,98.613281,-31.039240000000003,239.643826,-16.952448999999998,0,0.0,0.0,0.0,,0.11599999999999999,65
37971930,97.734375,-54.340912,263.231784,-24.634875,0,0.0,0.0,0.0,,0.09699999999999999,65
38528320,87.011719,-2.985506,208.290233,-15.453676999999999,0,0.0,0.0,0.0,,0.449,16
38591698,255.585938,-24.132875,358.572336,10.704994000000001,0,0.0,0.0,0.0,,0.22699999999999998,16
38599881,13.535156,0.596842,124.383954,-62.267285,0,0.318,0.2451,0.3661,40.4538,0.02,90
38634386,178.769531,1.7907849999999998,272.501646,61.28739,0,0.7956,0.8077,0.0587,43.528,0.02,42
39026097,154.335938,-10.04835,252.48757999999998,37.304017,0,0.1857,0.1942,0.0234,39.8846,0.040999999999999995,15
39079234,218.13900800000002,-48.336796,319.753223,11.20466,0,0.156,0.2015,0.4584,39.9739,0.165,90
39128155,33.574219,-20.105511,197.037785,-69.79598299999999,0,0.2253,0.2244,0.0193,40.2367,0.013999999999999999,67
39313977,157.5,-10.351558,255.65460699999997,39.203028,0,0.51,0.4991,0.0091,42.2565,0.038,90
39325430,93.241524,-45.783966,253.311493,-25.499737,0,0.1027,0.1068,0.0176,38.4672,0.032,62
39488530,319.21875,-36.238361,7.557011999999999,-44.036601,0,0.2935,1.4029,0.4197,45.0097,0.052000000000000005,15
39598576,327.65625,-38.491302000000005,4.361051,-50.770590000000006,0,0.0,0.0,0.0,,0.023,65
39894363,163.652344,-6.279287999999999,258.396162,46.244896000000004,0,0.0,0.0,0.0,,0.026000000000000002,65
39901446,357.1875,0.44762799999999997,91.72899,-58.57389499999999,0,0.2365,0.2425,0.0089,40.427,0.026000000000000002,42
40028934,94.979507,-44.20153,251.96229100000002,-23.914748,0,0.9567,0.9274,0.0734,43.898,0.037000000000000005,95
40049430,94.394531,-17.89609,225.486515,-15.354548999999999,0,0.1176,0.1056,0.0271,38.4411,0.11599999999999999,52
40271287,148.710938,-2.836105,240.991413,37.970453000000006,0,0.2396,0.2571,0.024,40.5714,0.035,90
40308439,118.125,-24.132875,241.201297,1.571024,0,0.0,0.0,0.0,,0.498,65
40373475,315.87890600000003,-1.193748,48.266697,-29.628196999999997,0,0.0,0.0,0.0,,0.059000000000000004,16
40615474,29.003906,-1.7907849999999998,157.065402,-60.310502,0,0.1239,0.0996,0.0184,38.3059,0.023,42
40642197,344.17807,-49.117878000000005,340.318324,-58.845997,0,0.0792,2.5505,0.7864,46.6004,0.006999999999999999,90
40838478,329.414062,0.7460600000000001,59.417976,-39.804184,0,0.0,0.0,0.0,,0.048,65
40891717,60.29296899999999,-20.423614999999998,214.71698500000002,-46.327883,0,0.4046,0.4704,0.6496,42.1025,0.039,42
40964628,114.609375,-9.442778,226.753954,5.967916000000001,0,0.0,0.0,0.0,,0.16899999999999998,92
41021565,110.025002,-52.801853,264.028235,-17.223372,0,0.1153,0.1082,0.0146,38.4988,0.13699999999999998,42
41056547,121.28906200000002,-0.14920799999999998,221.70853300000002,16.270439,0,0.4799,0.4887,0.0088,42.2019,0.031,90
41179699,63.10546899999999,-6.880078999999999,199.45729,-38.291723,0,0.0,0.0,0.0,,0.071,65
41395251,288.10546899999997,-16.957764,19.943572,-12.171027,0,0.0,0.0,0.0,,0.107,16
41526429,33.398438,-30.17244,227.382828,-71.746586,0,0.4369,2.2301,0.9549,46.2461,0.016,90
41562706,301.81640600000003,-27.615883,14.376853,-27.875296999999996,0,0.0,0.0,0.0,,0.078,65
41612488,113.55468799999998,-13.401351000000002,229.731806,3.152099,0,0.4633,0.476,0.0198,42.133,0.23600000000000002,95
41673236,317.28515600000003,-6.279287999999999,43.89965,-33.366848,0,0.7512,0.8827,0.0577,43.7658,0.057,42
41776135,215.683594,-39.838440000000006,321.380298,19.740304000000002,0,0.3262,0.4319,0.0345,41.8817,0.115,90
42556343,238.183594,-17.270004,352.903116,27.526928,0,0.7281,0.706,0.0317,43.1697,0.14,90
42637358,64.160156,-22.346588,218.83989,-43.474384,0,0.2755,0.2772,0.0241,40.7584,0.031,52
42705243,149.90625,-60.43444100000001,283.22731,-4.312828,0,0.231,0.1809,0.0206,39.7141,0.542,42
42799805,185.097656,0.596842,285.96047999999996,62.441143000000004,0,0.2972,0.2887,0.0214,40.8598,0.018000000000000002,52
43074821,323.4375,-4.031936,50.046948,-37.557014,0,0.0,0.0,0.0,,0.038,65
43392755,71.894531,-21.702768,220.87281000000002,-36.446419,0,0.0,0.0,0.0,,0.04,65
43541597,83.951614,-55.490841,263.409804,-32.624804,0,0.0,0.0,0.0,,0.044000000000000004,16
43616315,255.234375,-1.940072,17.680231,23.390765,0,0.0827,0.0843,0.0143,37.9219,0.209,62
43776050,0.703125,-9.140394,88.094435,-68.657075,0,0.1829,0.1935,0.029,39.8768,0.034,42
44088638,39.902344,-0.298417,171.485154,-52.659679000000004,0,0.3091,0.2881,0.2028,40.8544,0.021,90
44097283,247.5,-23.806295000000002,354.096978,16.688133999999998,0,0.0,0.0,0.0,,1.215,92
44128745,53.4375,-40.033035,244.60563900000002,-54.18105500000001,0,0.3094,0.3105,0.0066,41.0417,0.013000000000000001,90
44548778,165.895523,-52.608990000000006,286.831,6.858156,0,0.0,0.0,0.0,,0.268,16
44564061,188.789062,-14.631667000000002,297.03449,48.053556,0,0.0481,0.0726,0.0196,37.5795,0.044000000000000004,64
44739120,139.21875,-11.567418,242.26262000000003,25.18078,0,0.099,0.1356,0.0357,39.0268,0.047,90
44885482,7.5,-46.178181,314.09391899999997,-70.48266600000001,0,0.3361,0.3597,0.027,41.4136,0.009000000000000001,90
44903772,294.78515600000003,-0.8952829999999999,37.624798999999996,-11.01184,0,0.0,0.0,0.0,,0.301,16
44980234,58.007812,-4.331149,193.206657,-41.324968,0,0.0,0.0,0.0,,0.113,65
44982484,57.520161,-43.406857,249.292881,-50.645171000000005,0,0.4237,2.2184,0.9549,46.2322,0.006999999999999999,90
45228742,284.765625,-15.868920999999999,19.546626,-8.809984,0,0.1476,0.1622,0.2956,39.4515,0.22899999999999998,42
45291361,76.640625,-15.868920999999999,216.22024900000002,-30.191777000000002,0,0.2541,0.2643,0.0087,40.6399,0.07,42
45506144,154.863281,-25.944481,265.086756,25.542455,0,0.1802,0.2049,0.1877,40.0144,0.048,15
45925214,257.51953100000003,-4.7801919999999996,16.323171,19.973211,0,0.1198,1.8697,0.4409,45.7779,0.507,15
46052783,82.265625,-17.426323,220.174669,-25.800263,0,0.1008,0.0886,0.0214,38.0357,0.055,42
46329774,307.44140600000003,-26.610097999999997,17.198596,-32.361272,0,2.1018,1.7588,0.1652,45.6148,0.046,88
46397441,82.792969,-35.318771000000005,239.715378,-30.848995000000002,0,0.5266,0.3033,1.092,40.9827,0.023,90
46489715,328.359375,-15.249382999999998,39.653189000000005,-47.085103000000004,0,0.0737,0.2081,0.0616,40.0532,0.039,64
46498083,144.316406,-27.279613,258.36400499999996,18.342520999999998,0,0.0899,0.0975,0.0168,38.2569,0.075,42
46721813,203.65383899999998,-46.178181,310.686725,16.04242,0,0.3043,0.3528,0.5436,41.3642,0.10400000000000001,90
46741316,358.41796899999997,-32.797169,5.054549,-76.281071,0,0.5333,0.5388,0.0158,42.4562,0.011000000000000001,90
46755264,153.808594,-4.181528,246.569847,41.000401000000004,0,0.1821,0.1588,0.1495,39.4013,0.035,42
46757795,74.882812,-34.409527000000004,237.067079,-37.02241,0,0.0,0.0,0.0,,0.018000000000000002,65
46967013,170.683594,-25.613083,278.960679,33.096492,0,0.5308,0.5687,0.034,42.598,0.040999999999999995,42
47021607,125.332031,-15.094787,237.08319500000002,12.105134,0,0.0,0.0,0.0,,0.055999999999999994,65
47180424,291.48877000000005,-57.018551,340.121767,-27.077317999999998,0,0.3227,0.3146,0.0305,41.0746,0.052000000000000005,42
47336229,313.06640600000003,-21.702768,24.714563000000002,-35.778488,0,0.3007,0.3038,0.0299,40.9868,0.094,90
47712228,162.246094,-0.8952829999999999,251.51921299999998,49.352016,0,0.1574,0.1626,0.0165,39.4576,0.037000000000000005,62
47784490,196.523438,-24.788560999999998,307.151961,37.963068,0,0.0,0.0,0.0,,0.107,65
48101924,97.558594,-19.15501,227.943388,-13.137561999999999,0,0.1922,0.1903,0.0122,39.8363,0.231,90
48508591,190.546875,-35.501846,300.812744,27.331836,0,0.5281,0.5243,0.5436,42.3849,0.06,90
48679089,80.507812,0.44762799999999997,201.897097,-19.56531,0,0.197,0.1857,0.9169,39.7767,0.11900000000000001,90
48734543,168.925781,-19.15501,273.733339,38.228943,0,0.6755,0.6743,0.0117,43.0478,0.078,90
48889152,350.507812,-14.940303,58.781602,-65.902704,0,0.2524,0.2536,0.0149,40.5374,0.024,90
49207610,319.069153,-55.107937,341.641663,-42.435511,0,0.0,0.0,0.0,,0.039,65
49358447,26.71875,-20.582914000000002,188.56608300000002,-75.748796,0,0.1797,0.1825,0.014,39.7355,0.009000000000000001,15
49575267,270.52734399999997,2.388015,29.401435,12.058858,0,0.5804,0.609,0.0641,42.7782,0.19399999999999998,90
49766404,207.773438,-28.461132,318.511401,32.599446,0,0.0,0.0,0.0,,0.054000000000000006,65
49875529,136.558441,-46.768478,268.19128900000004,0.343515,0,0.0,0.0,0.0,,1.2329999999999999,6
50107953,193.618423,-47.357574,303.465475,15.511029,0,0.2421,0.293,0.0805,40.8964,0.10800000000000001,67
50120717,276.730774,-46.178181,348.462286,-15.259978,0,0.0,0.0,0.0,,0.062,16
50217109,302.34375,-35.136115999999994,6.227333,-30.34406,0,0.4276,0.3832,0.0254,41.5745,0.09,90
50384532,223.325577,-49.896984,322.207738,8.358485,0,0.3016,0.3082,0.0083,41.0229,0.272,90
50571533,32.695312,0.7460600000000001,160.538533,-56.219699,0,0.3816,0.3438,0.0409,41.2988,0.025,90
50875482,3.3398440000000003,-36.423573,341.55327,-77.689655,0,0.1792,0.1869,0.0101,39.7924,0.009000000000000001,62
50979853,192.053574,-58.919773,302.514907,3.949364,0,0.0534,0.0708,0.0243,37.5215,0.434,15
51106790,73.928574,-61.566963,271.34135699999996,-37.298815000000005,0,0.0,0.0,0.0,,0.019,65
51137137,156.621094,-34.228867,271.65824100000003,19.694889,0,0.0975,0.1148,0.0127,38.6353,0.102,90
51232774,83.847656,-32.797169,237.13447000000002,-29.386640000000003,0,0.2429,0.3854,1.0646,41.5894,0.026000000000000002,90
52200369,313.691864,-58.16036999999999,338.529511,-38.903226000000004,0,0.0556,0.0559,0.0337,36.9852,0.043,90
52383458,121.816406,-29.313198,247.34263900000002,1.6536259999999998,0,0.0,0.0,0.0,,0.46299999999999997,16
52422308,214.523804,-54.916332,315.248085,5.869823,0,0.0,0.0,0.0,,0.557,92
53143281,139.042969,-28.630989000000003,256.02296,14.045119,0,0.0,0.0,0.0,,0.124,16
53311426,327.65625,-2.238686,54.917391,-40.121733,0,0.2571,0.4967,0.1579,42.2438,0.051,15
53329650,217.089844,-40.620186,322.122231,18.612179,0,0.2365,0.2237,0.021,40.2296,0.11699999999999999,90
53343212,165.9375,-11.567418,265.368848,43.312984,0,0.6889,0.6707,0.0228,43.0336,0.039,90
53367850,130.78125,-1.044512,227.50706200000002,24.102441,0,0.2785,0.2787,0.012,40.7715,0.027000000000000003,90
53407380,53.085938,-38.111038,241.385834,-54.69351700000001,0,0.4724,0.3756,0.0395,41.5236,0.021,88
53647938,279.31640600000003,-38.300922,356.71016299999997,-13.854235000000001,0,0.1245,0.1329,0.0281,38.9799,0.094,15
53834212,62.929688,-13.401351000000002,206.929856,-41.404183,0,0.0568,0.1005,0.0239,38.3265,0.052000000000000005,62
53935453,162.421875,-17.426323,265.940717,36.552219,0,1.4869,1.4403,0.0855,45.0802,0.04,95
54049366,57.65625,-35.501846,236.76810600000002,-51.163783,0,0.0,0.0,0.0,,0.01,65
54063245,329.23828100000003,-38.682186,3.9283949999999996,-51.992357,0,0.5918,0.5349,0.0305,42.4375,0.018000000000000002,90
54292335,92.109375,-17.426323,224.119094,-17.154191,0,0.1864,0.1825,0.0217,39.7356,0.131,62
54315699,243.457031,-8.084014,4.643823,29.682640000000003,0,0.0,0.0,0.0,,0.217,16
54469285,53.61328100000001,-31.738394,230.37157000000002,-54.413042000000004,0,0.195,0.4408,0.4319,41.9343,0.011000000000000001,15
54644468,115.488281,-10.199917999999998,227.84202200000001,6.3590800000000005,0,0.0,0.0,0.0,,0.161,65
54732090,18.808594,1.7907849999999998,135.083341,-60.518316000000006,0,0.0,0.0,0.0,,0.035,65
54845637,302.51953100000003,-6.579592999999999,36.017109999999995,-20.469120999999998,0,0.1312,2.3352,0.9145,46.3678,0.07400000000000001,62
54893461,313.41796899999997,-39.450893,2.763707,-39.727374,0,0.0,0.0,0.0,,0.044000000000000004,16
54907007,356.835938,-40.033035,344.67020299999996,-71.48986,0,0.2229,0.2429,0.0096,40.4311,0.012,62
54923727,8.340517,-46.571846,312.147084,-70.231645,0,0.3141,0.3237,0.0207,41.1465,0.011000000000000001,90
55437028,103.535156,-10.199917999999998,222.33039700000003,-4.037984,0,0.0,0.0,0.0,,0.81,92
55629842,136.757812,0.14920799999999998,229.82005099999998,29.838093,0,0.0,0.0,0.0,,0.027999999999999997,65
55659088,170.169907,-51.642994,288.916273,8.741914999999999,0,0.0,0.0,0.0,,0.212,16
56593559,195.820312,-21.542267000000002,306.595552,41.245217,0,0.0905,0.144,0.0279,39.1693,0.09300000000000001,42
56651915,30.9375,1.940072,156.72718600000002,-56.112272,0,0.0,0.0,0.0,,0.025,65
56818916,332.04846200000003,-47.55368,349.076594,-52.287517,0,0.0,0.0,0.0,,0.013999999999999999,16
57029417,123.39843799999998,-34.772018,252.64823399999997,-0.204245,0,0.0,0.0,0.0,,0.91,92
57249593,64.863281,-6.880078999999999,200.527972,-36.76702,0,0.0832,0.0863,0.0117,37.974,0.081,62
57547961,198.28125,-4.331149,313.204417,58.107393,0,0.6196,0.6433,0.0646,42.9231,0.028999999999999998,90
57570326,42.714844,-35.318771000000005,238.213287,-63.306729000000004,0,0.4777,0.4792,0.0075,42.1507,0.02,52
57686715,28.300781,-25.944481,211.53013900000002,-76.143587,0,0.0441,0.072,0.0199,37.5603,0.01,42
57820454,66.269531,-38.300922,241.16327400000003,-44.341985,0,0.0,0.0,0.0,,0.025,16
57927713,353.119843,-44.597992,339.92011,-66.43923000000001,0,0.0835,0.0814,0.0191,37.8419,0.01,42
58162450,91.947113,-51.255806,259.100509,-27.457252,0,0.2456,0.1055,0.8901,38.4388,0.047,42
58660846,125.859375,-15.558919,237.764459,12.280237,0,0.0,0.0,0.0,,0.054000000000000006,16
58727845,164.162018,-56.827923,287.683324,2.606389,0,0.0,0.0,0.0,,0.922,92
58963376,126.035156,1.7907849999999998,222.297826,21.366648,0,0.2683,0.2574,0.0154,40.5738,0.033,90
59194573,79.628906,-23.317957,225.434577,-30.189496999999996,0,1.0845,1.2557,0.0352,44.7119,0.027000000000000003,95
59361580,297.24609399999997,-27.615883,12.945677,-24.035651,0,0.4919,0.4591,0.2898,42.0395,0.106,42
59725839,151.699219,-27.279613,263.56652599999995,22.738870000000002,0,0.6699,0.7171,0.0335,43.2111,0.059000000000000004,95
59889755,200.214844,-31.039240000000003,310.31638599999997,31.410295,0,0.0,0.0,0.0,,0.055999999999999994,16
59907038,357.890625,-28.801122999999997,22.235776,-76.68265,0,0.4156,0.4389,0.0285,41.9234,0.016,42
60478784,87.714844,-37.544327,243.268187,-27.530602000000002,0,0.0,0.0,0.0,,0.053,16
60599948,134.472656,-12.941632,240.443325,20.643001,0,0.1889,0.5539,0.2327,42.5287,0.07400000000000001,15
60717845,215.683594,-3.882372,341.835169,51.956732,0,0.1734,0.5637,0.3633,42.5748,0.05,62
60966542,9.352941,-42.010422,312.942031,-74.844101,0,0.151,0.3153,0.6614,41.0804,0.011000000000000001,15
61134104,292.67578100000003,-26.944359000000002,12.114656,-19.991483,0,0.2624,0.5846,0.2327,42.6705,0.08,90
61510669,121.816406,-33.868706,251.17789,-0.80535,0,0.0,0.0,0.0,,0.773,16
61556769,62.226562,-26.777105,224.270763,-46.290287,0,0.2319,0.2712,0.0267,40.7039,0.03,15
61618514,203.282608,-46.964977000000005,310.286456,15.310534,0,1.2227,1.1866,0.0928,44.5598,0.125,95
62058650,160.822784,-45.586655,280.655902,11.669922999999999,0,0.1666,0.207,0.0155,40.0403,0.205,52
62324231,74.882812,-9.140394,208.354153,-28.988726,0,0.2428,2.6887,1.1789,46.7392,0.078,42
62384349,121.464844,-25.613083,244.05094,3.378306,0,0.0,0.0,0.0,,0.17600000000000002,92
63176254,202.954544,-53.187259999999995,309.039723,9.204944,0,0.0,0.0,0.0,,0.32,65
63356130,84.199219,-14.477511999999999,217.992512,-22.936498,0,0.0,0.0,0.0,,0.126,65
63618392,102.65625,-39.257931,248.901946,-16.917629,0,0.2896,0.269,0.2028,40.6831,0.105,15
63637101,178.30645800000002,-55.490841,294.695201,6.447211,0,0.5498,0.5412,0.0183,42.468,0.268,15
63743124,204.609375,-27.784405,315.474292,33.940082000000004,0,0.6208,0.6147,0.0098,42.8028,0.059000000000000004,90
63777094,3.3398440000000003,-21.381943,64.405991,-79.597155,0,0.1189,0.0906,0.0453,38.0881,0.016,15
64021710,134.472656,-17.582775,244.39178700000002,17.877057,0,0.5872,0.5812,0.0144,42.6553,0.16399999999999998,90
64052879,64.6875,-9.745426,203.61661999999998,-38.263684999999995,0,0.0,0.0,0.0,,0.042,65
64104661,27.253521000000003,-50.285809,281.391771,-64.365997,0,0.7071,0.6439,0.0383,42.9255,0.02,15
64131159,327.65625,-4.929937000000001,51.944755,-41.60157,0,0.4207,0.4073,0.5739,41.7308,0.027999999999999997,90
64625271,116.894531,1.193748,218.35134399999998,13.019855,0,0.2966,0.2899,0.8356,40.8694,0.086,90
65102455,303.398438,-4.331149,38.577737,-20.230134,0,0.1007,0.1044,0.0159,38.416,0.204,52
65899705,27.070312,-35.136115999999994,249.829344,-75.460975,0,0.3787,0.5357,0.1558,42.4413,0.013999999999999999,90
66041568,42.363281,-32.089951,231.058205,-63.958307,0,0.5717,0.5806,0.0124,42.6523,0.027000000000000003,90
66249054,289.86328100000003,-26.610097999999997,11.467044,-17.533814000000003,0,0.0505,0.0739,0.014,37.6205,0.10400000000000001,42
66374282,155.566406,-8.989299,252.66129700000002,38.908854999999996,0,0.2302,0.2184,0.0105,40.1704,0.036000000000000004,67
66425544,27.597656,-12.329984,168.84221399999998,-69.75549699999999,0,0.4663,0.4496,0.0146,41.9854,0.023,90
66626509,75.410156,-29.313198,231.000557,-35.518392999999996,0,0.0,0.0,0.0,,0.009000000000000001,16
66874784,165.9375,-32.266234999999995,277.874768,25.313157999999998,0,0.0934,0.2746,0.6609,40.7344,0.073,42
67342144,303.57421899999997,-38.682186,2.4179619999999997,-32.054965,0,0.0,0.0,0.0,,0.055999999999999994,65
67406546,296.19140600000003,-39.838440000000006,359.705975,-26.724231,0,0.311,0.4852,0.2845,42.183,0.071,42
67679513,45.703125,-38.873585,244.585633,-60.262494,0,0.0,0.0,0.0,,0.016,65
68068114,184.921875,-32.266234999999995,295.172925,30.126714,0,0.0814,0.0978,0.0235,38.2642,0.07400000000000001,42
68143849,292.16418500000003,-52.608990000000006,345.069823,-26.722234999999998,0,0.7923,0.7789,0.0455,43.4314,0.045,42
68339955,253.032791,-56.064457,332.176061,-7.538634,0,0.7347,0.7191,0.0238,43.2184,0.16699999999999998,88
68490100,11.815642,-56.827923,304.08437200000003,-60.290985,0,0.7045,0.705,0.0159,43.1659,0.019,90
68843297,11.601562,-34.772018,310.64734599999997,-82.280714,0,0.2525,0.5793,0.1903,42.6465,0.017,90
68988673,165.9375,-11.567418,265.368848,43.312984,0,0.1965,0.2091,0.017,40.0646,0.039,42
68996599,339.43359399999997,-19.471222,39.754438,-58.462429,0,0.0,0.0,0.0,,0.025,16
68998971,68.378906,-9.896853,205.818718,-35.080056,0,0.1455,0.1417,0.024,39.1317,0.051,42
69010923,171.210938,-5.5292650000000005,267.05026000000004,51.208166,0,0.1538,0.135,0.6031,39.0168,0.038,62
69070587,305.33203100000003,-32.442867,9.973911,-32.121173,0,0.5192,0.538,0.0365,42.4526,0.107,90
70541274,172.617188,-30.51823,282.967583,29.195355,0,1.029,1.0375,0.0378,44.1992,0.05,88
70654044,263.263458,-59.10940600000001,332.798441,-13.771917000000002,0,0.5385,0.5412,0.2359,42.4679,0.07400000000000001,95
70819205,129.375,-14.631667000000002,238.905524,15.620098,0,0.0,0.0,0.0,,0.054000000000000006,16
70870535,165.901291,-46.37508,284.24316600000003,12.546814,0,0.4079,0.3928,0.0194,41.6381,0.1,88
70947093,132.33728,-58.730056999999995,275.676649,-9.347161,0,0.0,0.0,0.0,,0.21100000000000002,16
71037110,121.99218799999998,-17.426323,237.344169,8.14937,0,0.3716,0.3465,0.326,41.3189,0.10400000000000001,90
71132525,36.674007,-47.55368,266.940179,-62.373111,0,0.1369,0.1354,0.0621,39.0236,0.013999999999999999,42
71188760,264.375,-8.838267,16.319631,12.04959,0,0.0,0.0,0.0,,0.7979999999999999,16
71399090,275.390625,-54.340912,340.271447,-17.640632,0,0.1258,0.1197,0.5025,38.7348,0.09699999999999999,62
72065768,298.828125,-11.567418,29.555903999999998,-19.348129,0,0.0,0.0,0.0,,0.146,65
72074915,26.71875,-8.536388,160.704019,-67.248449,0,0.0,0.0,0.0,,0.027999999999999997,16
72147416,14.0625,-1.342993,125.695029,-64.188921,0,0.0488,0.0693,0.015,37.4719,0.032,42
72221625,145.019531,-34.228867,263.813878,13.733585999999999,0,0.0759,0.0755,0.0172,37.6698,0.11699999999999999,62
72391044,225.703125,-5.5292650000000005,352.064866,44.452020000000005,0,0.0,0.0,0.0,,0.07200000000000001,16
72810857,203.378906,-20.423614999999998,316.110118,41.368915,0,0.2084,0.3125,0.0261,41.058,0.068,42
73029171,200.742188,-21.221792,312.692388,41.051615999999996,0,0.0,0.0,0.0,,0.098,16
73077610,115.839844,-3.882372,222.41782400000002,9.704914,0,0.2251,0.2222,0.0102,40.2128,0.106,90
73345291,147.480469,-7.481631,244.49016400000002,34.086581,0,0.3275,0.5148,0.6107,42.3372,0.146,90
73851761,232.910156,0.0,4.454518,42.942507,0,0.1764,0.194,0.0083,39.883,0.066,90
74152447,148.183594,-39.838440000000006,269.543529,11.176639,0,0.0905,0.1251,0.0108,38.8374,0.222,42
74193504,109.6875,-14.015684,228.48612999999997,-0.445381,0,0.0,0.0,0.0,,0.519,16
74256178,124.980469,2.6867240000000003,220.91658700000002,20.863514000000002,0,0.5265,0.5434,0.0094,42.4786,0.026000000000000002,88
74350461,177.1875,-31.563115999999997,287.607364,29.436342,0,0.0,0.0,0.0,,0.061,65
74432219,177.1875,-38.111038,289.56900099999996,23.128631,0,0.3632,0.3239,0.6084,41.148,0.095,62
74492858,24.609375,-12.48276,162.163744,-71.677229,0,0.0899,0.1458,0.0355,39.1993,0.019,64
74618084,122.167969,-25.282602,244.113325,4.091359,0,0.0,0.0,0.0,,0.179,92
74643391,186.152344,-33.868706,296.586077,28.67225,0,0.0,0.0,0.0,,0.057999999999999996,65
74643673,284.414062,-13.401351000000002,21.635753,-7.421692,0,0.0,0.0,0.0,,0.35600000000000004,16
74646668,51.152344,-23.969482,216.422575,-55.438278000000004,0,0.2016,0.2119,0.1485,40.0973,0.016,90
74893050,355.78125,-33.689194,4.737921,-73.90375300000001,0,0.0749,0.0757,0.0148,37.6753,0.01,15
74961768,311.95651200000003,-51.449459000000004,347.241815,-38.779462,0,0.2212,0.2134,0.0087,40.1143,0.026000000000000002,52
75236513,118.300781,2.089372,218.203544,14.680404999999999,0,0.1706,0.1342,0.0237,39.0021,0.036000000000000004,15
75249509,207.773438,-15.249382999999998,323.57239,45.218111,0,0.3667,0.3754,0.0113,41.5222,0.067,90
75280162,104.447365,-54.724628,264.74226200000004,-20.978425,0,0.0,0.0,0.0,,0.085,92
75333688,358.25,-56.637199,318.417406,-58.699467000000006,0,0.0,0.0,0.0,,0.009000000000000001,92
75441219,233.613281,-28.971533,340.845284,21.650928,0,0.0416,0.0876,0.0165,38.0082,0.254,62
75607816,99.140625,-16.179399,225.837094,-10.515233,0,0.0,0.0,0.0,,0.243,16
75620972,195.46875,-39.257931,305.135963,23.569147,0,1.8322,1.8914,0.0736,45.8086,0.094,95
75636757,297.59765600000003,-27.615883,13.05809,-24.329798,0,0.0,0.0,0.0,,0.09699999999999999,65
75829070,336.83822599999996,-52.029728000000006,340.246944,-53.353919,0,0.1488,2.6469,1.1462,46.698,0.015,62
75836645,81.210938,-7.933337,210.209683,-22.837591,0,0.2489,0.2038,0.0834,40.002,0.124,88
75840836,37.441406,-9.291553,180.038547,-60.730511,0,0.3694,0.3988,0.0355,41.6771,0.025,90
76021241,299.35546899999997,-41.0145,359.02117999999996,-29.335356,0,0.0,0.0,0.0,,0.073,92
76270474,60.882355000000004,-48.727589,256.577058,-47.337856,0,0.1967,0.2532,1.0761,40.534,0.011000000000000001,52
76422882,181.72340400000002,-45.98114,294.898114,16.194608,0,0.301,0.3475,0.4751,41.3255,0.075,88
76572933,340.83984399999997,-17.582775,44.090596999999995,-58.9906,0,0.0866,0.09,0.0072,38.0722,0.027999999999999997,90
76737053,71.894531,-17.89609,216.45426,-35.160940999999994,0,0.4036,0.3877,0.0243,41.6047,0.045,90
76782555,2.285156,-28.630989000000003,21.346197,-80.536348,0,0.2482,0.2501,0.0077,40.5028,0.01,15
76835018,159.960938,-38.491302000000005,276.456493,17.522667000000002,0,0.1193,1.9782,0.6299,45.9281,0.055999999999999994,42
76897889,299.93951400000003,-43.406857,356.409835,-30.214763,0,0.6152,1.3561,0.2003,44.9186,0.059000000000000004,88
77033938,333.45703100000003,-22.993395,30.648141,-54.211422,0,0.2352,0.2354,0.0062,40.3541,0.023,42
77241833,110.566406,-1.193748,217.52987400000004,6.305354,0,0.0,0.0,0.0,,0.069,16
77298174,157.928574,-50.868159999999996,281.62016800000004,6.129894999999999,0,0.0,0.0,0.0,,0.273,16
77632410,140.800781,-36.79533,263.116739,9.501980999999999,0,0.1349,0.2038,0.0318,40.0019,0.151,42
77655924,324.84375,-33.689194,11.734071,-48.441918,0,0.2366,0.1944,1.0299,39.8875,0.032,90
77930269,85.78125,-23.480535999999997,227.740075,-24.923489,0,0.2003,0.5705,1.2027,42.6063,0.023,90
78344937,232.207031,-11.110882,353.177024,35.977553,0,0.4567,0.4432,0.017,41.9482,0.141,42
78379142,355.928558,-50.868159999999996,326.815928,-63.003893000000005,0,0.5777,0.6195,0.0992,42.8232,0.015,90
78407037,114.785156,-2.985506,221.111863,9.201717,0,0.2558,0.2161,0.0212,40.1449,0.083,90
78455500,104.14286,-57.58987,267.633176,-21.979377,0,0.1675,0.1839,0.0196,39.7532,0.085,67
78627577,122.260277,-49.117878000000005,264.284486,-8.699839,0,0.0,0.0,0.0,,0.22699999999999998,16
78811388,76.816406,-16.64604,217.126761,-30.330792,0,0.2802,0.2679,0.0242,40.6729,0.048,62
79307105,348.75,-12.788582,60.602825,-63.269707999999994,0,0.1848,0.2193,0.0173,40.1805,0.026000000000000002,42
79650632,51.503906,-23.643314,216.001444,-55.048145,0,0.2094,0.2072,0.0102,40.0425,0.018000000000000002,15
79754147,187.734375,-11.872187,295.001372,50.683619,0,0.0,0.0,0.0,,0.045,16
79786211,145.722656,-37.1689,266.276302,11.943031,0,0.3155,0.3959,0.4076,41.6578,0.133,90
79837252,112.5,-36.609226,249.73255099999997,-8.759542999999999,0,0.0,0.0,0.0,,0.379,92
80095284,24.433594,-34.228867,251.289371,-77.787032,0,0.3454,0.3185,0.0302,41.1061,0.015,90
80156792,267.760193,-48.727589,343.37217999999996,-10.940029,0,0.0,0.0,0.0,,0.122,65
80186364,351.399994,-47.945496,335.986804,-63.302597,0,0.0576,0.0686,0.0198,37.4512,0.006999999999999999,42
80301529,260.507812,-18.367102,6.047373,10.2259,0,0.0,0.0,0.0,,0.33899999999999997,16
80598025,192.480469,-23.643314,302.483726,39.227114,0,0.1869,0.1809,0.0093,39.7144,0.073,42
80602558,144.492188,-20.582914000000002,253.378684,23.154734,0,0.0,0.0,0.0,,0.053,65
80719023,113.027344,-27.615883,241.95335099999997,-4.137741,0,0.0296,0.0632,0.0261,37.2634,0.547,52
81097702,67.61084,-52.222923,260.236868,-42.458641,0,0.6418,0.706,0.0117,43.1696,0.008,95
81312618,250.839844,2.6867240000000003,19.659073,29.520568,0,0.0,0.0,0.0,,0.07200000000000001,16
81790531,134.648438,-25.117701,250.652794,13.352922,0,0.2039,0.203,0.0061,39.9924,0.27899999999999997,90
81833228,126.4916,-45.389202000000004,262.75395499999996,-4.2473220000000005,0,0.0,0.0,0.0,,1.1159999999999999,65
81888180,116.894531,-2.089372,221.319977,11.482462,0,0.0,0.0,0.0,,0.040999999999999995,65
82091841,87.890625,-18.367102,223.355331,-21.213867999999998,0,0.2074,0.2495,0.1149,40.4975,0.049,67
82324933,0.72973,-55.682143999999994,316.692992,-60.130933,0,0.8676,0.851,0.0161,43.6677,0.011000000000000001,88
83066602,128.671875,-14.631667000000002,238.51026800000002,15.056589,0,0.2396,0.2588,0.0174,40.5875,0.044000000000000004,15
83229482,292.32421899999997,-18.524391,20.180359,-16.477419,0,0.3993,0.4039,0.2148,41.7092,0.08199999999999999,42
83308179,125.58577700000001,-45.191612,262.226042,-4.657351,0,0.0,0.0,0.0,,0.8370000000000001,6
83630554,127.96875,-13.401351000000002,237.057879,15.170689999999999,0,0.0,0.0,0.0,,0.057,16
83654139,248.027344,-2.6867240000000003,12.719388,29.104567,0,0.1471,0.1359,0.0163,39.0329,0.212,42
83833664,311.484375,-18.997131,27.210317,-33.475441,0,0.1103,0.119,0.0273,38.7193,0.06,90
83894218,97.910156,-22.669609,231.382672,-14.276114000000002,0,0.0756,2.3759,1.0661,46.4135,0.066,90
83969535,90.351562,-8.536388,214.975364,-14.969125,0,0.0,0.0,0.0,,0.263,6
84244582,246.01972999999998,-61.943836,325.315716,-8.709199,0,0.0,0.0,0.0,,0.14400000000000002,16
84448602,340.3125,-3.4338339999999996,64.53155,-50.912194,0,0.0,0.0,0.0,,0.042,92
84669175,147.480469,-13.554784,249.854863,30.056666999999997,0,0.0,0.0,0.0,,0.046,16
84706583,187.03125,-26.443334999999998,296.467868,36.135634,0,0.0564,0.0504,0.0179,36.7535,0.073,64
84763209,306.73828100000003,0.596842,44.901494,-20.824137,0,0.5683,0.5597,0.0101,42.5561,0.11,90
84961927,60.989849,-53.379799,263.112105,-46.079966,0,0.0735,0.0877,0.0173,38.0114,0.012,42
85011188,43.242188,-22.831406,210.81774900000002,-62.194993000000004,0,0.1287,0.1598,0.1571,39.4163,0.025,88
85030920,73.300781,-2.985506,201.333672,-27.529009999999996,0,0.03,0.0525,0.0212,36.8427,0.047,64
85201260,223.945312,-29.827859999999998,332.75305299999997,25.747486,0,0.382,0.5116,0.861,42.3211,0.129,42
85397800,176.132812,-25.117701,284.306123,35.322454,0,0.1801,2.1042,1.1141,46.092,0.049,15
85568314,69.960938,-16.801838,214.369105,-36.482079999999996,0,0.2256,0.2264,0.1297,40.2585,0.049,42
85892144,121.816406,-2.089372,223.74272599999998,15.801323000000002,0,0.1766,0.2533,1.1376,40.5347,0.033,90
86188652,119.355469,0.298417,220.350075,14.778447,0,0.1445,0.1275,0.968,38.8818,0.036000000000000004,15
86213654,99.84375,-7.933337,218.652348,-6.275512,0,0.0,0.0,0.0,,0.545,6
86281789,241.171875,-0.44762799999999997,10.37389,36.038083,0,0.1696,0.1777,0.0154,39.6707,0.11199999999999999,90
86698966,56.77734399999999,-40.620186,245.019119,-51.580154,0,0.0,0.0,0.0,,0.012,16
86803704,64.335938,-19.31304,214.973856,-42.37112,0,0.0,0.0,0.0,,0.032,92
86895036,176.132812,-24.132875,283.922728,36.256888000000004,0,0.0639,0.0656,0.0156,37.3483,0.057,52
86944825,32.167969,-7.180756,169.03085,-62.915774,0,0.307,0.3235,0.0175,41.1452,0.019,90
87038037,42.440758,-50.67416,267.342539,-57.482240000000004,0,0.1691,0.1149,0.0224,38.6387,0.03,62
87045722,43.59375,-7.030392999999999,184.02637099999998,-54.591831000000006,0,0.4574,0.464,0.014,42.0671,0.05,90
87082980,123.046875,-25.447729000000002,244.684506,4.668972,0,0.0,0.0,0.0,,0.152,16
87248837,87.011719,-29.313198,234.238235,-25.795622,0,0.0738,0.1032,0.0143,38.3879,0.022000000000000002,42
87299595,329.0625,-6.729813,50.874247,-43.741025,0,1.0453,1.0415,0.0364,44.2095,0.023,88
87531891,349.644348,-45.191612,342.507721,-64.14886,0,2.0774,2.0019,0.1346,45.9597,0.01,88
87697682,126.21093799999998,-36.609226,255.45393700000002,0.644249,0,0.0,0.0,0.0,,0.787,16
88075655,340.83984399999997,0.298417,69.35602800000001,-48.781821,0,0.7573,0.7961,0.0376,43.4894,0.057999999999999996,90
88250129,285.0,-49.117878000000005,347.597194,-21.500343,0,0.171,0.1761,0.008,39.6493,0.054000000000000006,67
88287927,83.09816,-59.867073,268.622151,-33.053464,0,0.0,0.0,0.0,,0.034,6
88333068,228.22709700000001,-42.809296,328.752697,12.858995,0,0.0,0.0,0.0,,0.10400000000000001,6
88343802,120.9375,-8.536388,229.07075299999997,11.854625,0,0.0,0.0,0.0,,0.096,65
88378172,174.023438,-0.44762799999999997,266.569347,57.007082999999994,0,0.1797,0.2104,0.0201,40.0797,0.018000000000000002,42
88459694,176.660156,-10.199917999999998,277.922337,49.499357,0,0.0,0.0,0.0,,0.026000000000000002,65
88657813,203.554688,-40.033035,311.754212,22.10472,0,0.2061,0.6348,0.2674,42.8876,0.059000000000000004,15
88690264,178.417969,-9.291553,279.91974,50.980925,0,0.3382,0.3516,0.0077,41.3558,0.034,15
88875467,298.828125,-11.567418,29.555903999999998,-19.348129,0,0.096,0.0855,0.0213,37.9528,0.146,42
88882274,15.644531,-10.806923,132.58857,-73.469452,0,0.0787,0.0268,0.0306,35.3412,0.024,15
88990907,55.546875,-9.745426,197.88042099999998,-46.215078999999996,0,0.0701,0.0735,0.0253,37.6067,0.078,42
89506421,58.95833199999999,-49.702389000000004,258.43645699999996,-48.323578000000005,0,0.5483,0.4975,0.2532,42.2483,0.009000000000000001,90
89563521,114.96093799999998,-31.563115999999997,246.233925,-4.571365,0,0.1465,0.0736,0.7615,37.6098,0.507,67
89613764,29.355469,-9.896853,168.13547,-66.784544,0,0.2547,0.5317,0.4061,42.4216,0.019,42
89908996,197.402344,-35.318771000000005,307.106586,27.405638,0,0.1616,0.1789,0.0164,39.6876,0.047,42
90153116,346.46484399999997,-6.880078999999999,67.038886,-57.789149,0,0.0,0.0,0.0,,0.037000000000000005,65
90198283,354.375,-21.221792,48.254094,-72.15519,0,0.0833,0.08,0.0143,37.8005,0.024,62
90269218,312.01171899999997,-32.442867,11.454611,-37.625206,0,0.0858,0.0892,0.0091,38.0499,0.051,64
90614124,316.628967,-48.727589,350.47510800000003,-41.992604,0,0.4028,0.3481,0.2301,41.3302,0.031,90
90778992,150.996094,-41.411190000000005,272.244692,11.272752,0,0.0,0.0,0.0,,0.129,16
90795265,129.023438,-33.331286999999996,254.154962,4.434923,0,0.1177,0.0978,1.0979,38.2642,0.263,42
90976719,341.19140600000003,-13.86195,50.722889,-57.635267000000006,0,0.2869,0.2795,0.0778,40.779,0.045,90
91226665,173.496094,0.596842,264.70443900000004,57.602354000000005,0,0.0,0.0,0.0,,0.021,65
91420500,330.820312,-11.872187,45.684442,-47.787059,0,0.0,0.0,0.0,,0.037000000000000005,16
91449873,354.375,-11.26298,71.76563399999999,-66.47365,0,0.533,0.5824,0.0305,42.6608,0.025,90
91569173,339.08203100000003,-39.838440000000006,359.754199,-59.33265,0,0.6454,0.6174,0.0134,42.8145,0.015,90
91759166,307.44140600000003,-36.423573,5.747713,-34.655829,0,0.1455,0.1598,0.0181,39.4162,0.040999999999999995,42
91932161,209.882812,-3.4338339999999996,333.81957400000005,55.30104300000001,0,0.0,0.0,0.0,,0.042,65
92114915,9.695122,-43.804489000000004,310.822023,-73.129329,0,0.2469,0.2567,0.0111,40.5671,0.006,62
92798777,14.238281,-24.953020000000002,152.899546,-87.496801,0,0.5988,0.5701,0.0178,42.6047,0.026000000000000002,88
92865174,92.285156,-15.094787,221.970453,-16.047429,0,0.1499,2.392,1.2083,46.4313,0.314,88
92928530,29.504717,-50.480045000000004,278.88662999999997,-63.425943999999994,0,0.5344,0.5035,0.1318,42.2792,0.015,90
93721842,164.707031,-36.79533,279.091609,20.809109,0,0.0,0.0,0.0,,0.057999999999999996,16
93756669,18.632812,-16.801838,151.4752,-78.373139,0,0.9098,0.9193,0.0526,43.8746,0.02,42
93762121,217.67942799999997,-51.062042,318.41526899999997,8.800621000000001,0,0.0,0.0,0.0,,0.341,16
93866109,356.484375,-36.609226,354.50102799999996,-73.20829499999999,0,0.1118,0.259,0.472,40.5893,0.012,62
94831840,214.628906,-27.953188,325.423275,31.087469,0,0.1389,0.1285,0.0148,38.8996,0.051,15
94870591,2.8125,-5.5292650000000005,97.253185,-66.376517,0,0.3342,0.3224,0.0097,41.1366,0.026000000000000002,90
94935361,81.914062,-34.048595,238.07810800000001,-31.259299,0,0.5519,0.5592,0.0952,42.5537,0.015,90
95049712,148.886719,-27.279613,261.516285,21.11673,0,0.0,0.0,0.0,,0.07,65
95127051,320.273438,-26.777105,20.707758,-43.485822999999996,0,0.0925,0.1092,0.4048,38.519,0.055,62
95595375,156.269531,-24.296478,265.111398,27.624852,0,0.0,0.0,0.0,,0.046,16
95600283,158.378906,-13.86195,259.380338,37.086551,0,0.0845,0.1037,0.0165,38.3994,0.064,42
95734481,3.688525,-56.064457,313.283921,-60.320404,0,0.3778,0.3495,0.0454,41.3404,0.011000000000000001,90
95744114,295.48828100000003,-28.971533,10.992247,-23.022888000000002,0,0.0,0.0,0.0,,0.113,92
95866530,183.164062,-13.094776,288.54404500000004,48.690557,0,0.0,0.0,0.0,,0.052000000000000005,65
95941582,66.445312,-39.644397999999995,243.04518399999998,-44.245815,0,0.2317,0.3846,0.09,41.5837,0.026000000000000002,90
96240657,323.4375,-6.729813,47.08954,-38.929875,0,0.0,0.0,0.0,,0.033,65
96457351,110.390625,-41.610443,253.54897999999997,-12.450021000000001,0,0.3787,0.3951,0.0225,41.6526,0.16399999999999998,90
96490400,307.96295200000003,-44.399834000000006,356.10557400000005,-36.072359000000006,0,0.6432,2.2515,0.6825,46.2714,0.040999999999999995,95
96950346,152.578125,-7.933337,249.056106,37.554783,0,0.0781,0.0565,0.013,37.0085,0.034,90
97072448,49.21875,-17.426323,204.502382,-55.12318199999999,0,0.0,0.0,0.0,,0.036000000000000004,65
97130922,118.229813,-60.245399,273.044847,-16.188226,0,0.1544,0.2062,0.0347,40.0301,0.16399999999999998,62
97221300,84.199219,-8.989299,212.62321400000002,-20.640725,0,0.1817,0.1855,0.0084,39.7738,0.436,90
97256645,196.875,-7.030392999999999,310.001898,55.620711,0,0.2611,2.2019,1.2567,46.2123,0.037000000000000005,90
97285127,182.08763100000002,-53.956782999999994,296.549902,8.380192999999998,0,0.0,0.0,0.0,,0.152,16
97301909,178.74301100000002,-56.827923,295.231204,5.197196,0,0.0,0.0,0.0,,0.361,53
97388897,240.46875,-32.619842999999996,343.033583,15.044433999999999,0,0.3153,0.3109,0.0136,41.0449,0.214,90
97411149,19.160156,-17.270004,154.79905,-78.550741,0,0.4425,0.4337,0.8815,41.8922,0.017,90
97639845,216.035156,-11.110882,336.45946299999997,45.639977,0,0.134,0.1305,0.015,38.9373,0.09699999999999999,64
97688882,286.34765600000003,-30.0,6.966129,-15.955248999999998,0,1.4485,1.4701,0.068,45.1351,0.105,88
98448729,281.07421899999997,-41.0145,354.671247,-16.159882,0,0.2416,0.3602,0.3113,41.4171,0.066,42
98840050,231.328125,-31.563115999999997,337.47317000000004,20.796631,0,0.1445,0.6334,0.5288,42.8821,0.168,62
99115883,159.151382,-49.31284,281.509933,7.868375,0,0.2444,0.2023,0.1809,39.9839,0.34700000000000003,15
99349362,165.761719,-29.313198,276.230843,27.878905,0,0.2286,0.587,0.0997,42.6812,0.049,90
100433423,11.601562,-7.331167999999999,119.252402,-70.16696,0,0.0,0.0,0.0,,0.042,16
100577197,322.03125,-26.110529,22.110924,-44.86744,0,0.0,0.0,0.0,,0.038,16
101241553,183.867188,-10.655059,288.73465699999997,51.222466,0,0.0839,0.0787,0.0103,37.7642,0.057,42
101619848,118.652344,-26.610097999999997,243.57141800000002,0.705888,0,0.0,0.0,0.0,,0.47100000000000003,16
102024375,270.351562,1.044512,28.099951,11.597132,0,0.0,0.0,0.0,,0.302,16
102389747,50.82996,-43.605746999999994,251.36532599999998,-55.33792,0,0.386,0.4209,0.0387,41.8154,0.01,90
102496947,103.89705699999999,-52.029728000000006,261.893149,-20.459812,0,0.3201,0.3269,0.0052,41.1716,0.065,42
102854721,341.54296899999997,-37.92165,2.623739,-61.645235,0,0.0695,0.076,0.013,37.6852,0.01,62
102869165,236.074219,-2.388015,4.5838779999999995,38.980364,0,0.3318,0.3718,0.2,41.4978,0.18600000000000003,90
103821196,131.308594,-22.669609,246.747942,12.443232,0,0.0,0.0,0.0,,0.121,65
103851441,184.394531,-7.782714,288.515854,54.138574,0,0.7614,0.7671,0.0142,43.3905,0.037000000000000005,88
103854959,18.984375,-22.508004999999997,174.52408300000002,-82.773726,0,0.4578,0.4254,0.022,41.8424,0.013999999999999999,15
103989029,353.84765600000003,-16.64604,59.796321,-69.520645,0,0.1304,0.0837,0.8163,37.9037,0.024,64
104001614,202.08715800000002,-49.31284,309.094076,13.116774,0,0.0,0.0,0.0,,0.145,92
104115170,233.4375,-15.868920999999999,350.275781,31.703275,0,0.1366,0.1985,0.0143,39.9375,0.09,90
104122586,39.902344,-2.089372,173.516801,-53.976913,0,1.8768,1.7975,0.1022,45.673,0.027000000000000003,95
104396329,224.648438,-29.484461,333.530816,25.72691,0,0.3008,0.2835,0.0157,40.8137,0.11699999999999999,90
104431374,292.788452,-61.189777,335.543108,-28.261437,0,0.1832,0.185,0.0116,39.7682,0.069,90
104932997,181.054688,-24.132875,289.32325,37.48792,0,0.4092,0.3986,0.0158,41.6758,0.059000000000000004,90
105344515,109.84716,-47.161343,258.579684,-15.114068,0,0.229,0.2324,0.008,40.3224,0.147,42
105345794,49.647888,-50.285809,262.63698999999997,-53.724238,0,0.1656,0.1666,0.0194,39.5158,0.015,62
105488745,223.59375,-8.536388,347.132181,43.537293,0,0.1106,0.1448,0.0154,39.1816,0.073,62
105502451,213.574219,-22.669609,326.830942,36.327234000000004,0,0.5172,0.4723,0.0128,42.1129,0.08,90
105832546,187.910156,-32.442867,298.09729100000004,30.242969,0,0.4017,0.377,0.0282,41.5332,0.08199999999999999,15
106218977,71.02409399999999,-43.207821,247.95848900000001,-40.871082,0,0.2697,0.3031,0.0213,40.9811,0.013999999999999999,67
106471435,353.024994,-52.801853,327.457319,-60.384013,0,0.3135,0.3281,0.7072,41.1807,0.009000000000000001,67
106648874,179.472656,-5.079716,279.04175699999996,55.288755,0,0.3935,0.4135,0.994,41.7699,0.021,90
106750068,101.666664,-54.916332,264.447475,-22.568425,0,0.0,0.0,0.0,,0.091,65
106915630,39.210526,-58.350353000000005,279.724337,-53.768864,0,0.0,0.0,0.0,,0.023,16
106946255,79.692734,-56.827923,265.058468,-34.976991,0,0.4588,0.4868,0.0271,42.1915,0.025,90
106960570,117.246094,0.596842,219.061533,13.053894999999999,0,0.0,0.0,0.0,,0.053,65
107007526,158.554688,-34.772018,273.39313799999996,20.111033,0,0.2123,0.2808,0.2722,40.7898,0.07400000000000001,67
107129776,212.519531,-1.7907849999999998,339.2784,55.431425,0,0.0599,0.0858,0.0368,37.9608,0.055999999999999994,64
107165985,14.589844,-26.610097999999997,194.768039,-88.371815,0,0.6202,0.6168,0.0131,42.812,0.017,90
107474309,217.5,-48.532253000000004,319.27768100000003,11.186411,0,0.0,0.0,0.0,,0.172,16
107488869,139.746094,-16.64604,246.94688399999998,22.407618,0,0.0,0.0,0.0,,0.047,65
107636565,6.365854,-51.836418,312.38277,-64.812578,0,0.1788,2.6157,1.0348,46.6668,0.013999999999999999,62
107668196,163.0,-47.945496,283.11996600000003,10.278701,0,0.1255,0.1266,0.0154,38.8652,0.203,42
108055321,82.560486,-43.406857,249.02025099999997,-32.523658000000005,0,0.2562,0.5451,0.821,42.4867,0.038,62
108253858,82.265625,-39.257931,244.13404100000002,-32.069325,0,0.0534,0.0477,0.0324,36.627,0.02,64
108584081,87.687744,-42.410164,248.63567799999998,-28.653076000000002,0,0.5256,0.4501,0.3663,41.9881,0.038,90
108716871,229.570312,-4.630479,356.724311,42.402163,0,0.0,0.0,0.0,,0.10400000000000001,16
108913557,346.81640600000003,-7.782714,66.199616,-58.649956,0,0.1434,0.1509,0.0216,39.2808,0.047,52
109038297,161.894531,-41.0145,279.104511,16.056774,0,0.1643,0.1662,0.0095,39.5101,0.08800000000000001,90
109069907,115.488281,-10.199917999999998,227.84202200000001,6.3590800000000005,0,0.0,0.0,0.0,,0.161,16
109882055,287.226562,-17.113819,19.435843,-11.47564,0,0.0,0.0,0.0,,0.121,16
109968805,353.863647,-61.566963,317.957906,-53.288442,0,0.0,0.0,0.0,,0.017,16
110086563,95.097656,-26.276812,233.804875,-18.037836,0,0.2804,0.2898,0.0409,40.869,0.05,90
110375526,182.109375,-54.340912,296.62774,8.003654,0,0.0,0.0,0.0,,0.168,6
110609484,324.84375,-6.129201,48.668237,-39.838015000000006,0,0.0644,0.1193,0.0176,38.7258,0.033,67
111366769,285.46875,-29.484461,7.1534889999999995,-15.052179999999998,0,0.5256,0.5085,0.0112,42.305,0.11800000000000001,88
111446272,332.28945899999997,-54.724628,338.433226,-49.700993,0,0.237,0.4797,0.229,42.1535,0.017,90
111594124,146.0625,-44.993881,271.697029,6.227255,0,0.0,0.0,0.0,,0.23600000000000002,16
112099006,256.992188,-5.829153,15.079806,19.875204999999998,0,0.0,0.0,0.0,,0.462,65
112147113,307.79296899999997,-30.691587,12.598719000000001,-33.736663,0,1.1059,1.0228,0.1681,44.1608,0.062,95
112273036,184.394531,-30.345182,294.32043999999996,31.959754999999998,0,0.2332,0.2592,0.0183,40.5916,0.053,42
112301542,201.445312,-29.827859999999998,311.76086000000004,32.454438,0,0.1483,0.1436,0.0201,39.1633,0.051,90
112354774,318.69140600000003,0.8952829999999999,52.038357,-30.918559000000002,0,0.0,0.0,0.0,,0.08800000000000001,65
112849568,156.495529,-48.141209,279.384635,7.968242,0,0.0,0.0,0.0,,0.205,92
112891886,53.789062,-4.929937000000001,190.703338,-45.161589,0,0.1371,0.1229,0.0175,38.7965,0.055,42
113471087,219.023438,-28.801122999999997,329.070045,28.705209000000004,0,0.6641,0.6583,0.0542,42.984,0.08,90
113533602,169.804688,-28.801122999999997,279.621655,29.862803999999997,0,0.1436,0.16,0.0201,39.4194,0.053,42
113831168,33.046875,-36.238361,245.95654100000002,-70.611388,0,0.3634,2.8685,1.1762,46.9089,0.013000000000000001,90
114090538,329.765625,-40.817046999999995,0.404481,-52.175919,0,0.1544,0.1376,0.0486,39.0622,0.013000000000000001,90
114945034,30.234375,-2.238686,159.648854,-60.059321999999995,0,0.3185,1.0916,0.3942,44.3355,0.022000000000000002,90
115557873,17.578125,-15.249382999999998,144.157119,-77.33658100000001,0,0.0,0.0,0.0,,0.025,65
115642511,55.195312,-18.367102,209.39936699999998,-50.179619,0,0.2417,0.269,0.0189,40.6838,0.057,15
115771765,1.9335939999999998,-16.334823999999998,77.52723399999999,-75.200875,0,0.4286,0.2139,1.2412,40.1197,0.021,15
115827173,170.850616,-44.796005,286.926336,15.322398999999999,0,0.0,0.0,0.0,,0.079,16
116089188,2.988281,-6.579592999999999,96.61283900000001,-67.411227,0,0.3155,0.2847,0.4442,40.825,0.027999999999999997,52
116431587,160.3125,-20.582914000000002,266.11075,32.821166999999996,0,0.2762,0.3316,0.4534,41.2072,0.035,90
116432654,210.410156,-20.105511,324.559818,39.79965,0,0.0,0.0,0.0,,0.06,65
116468115,189.800003,-47.945496,300.812032,14.875873,0,0.0,0.0,0.0,,0.11199999999999999,16
116479961,267.890625,-1.940072,24.226361999999998,12.375036,0,0.0,0.0,0.0,,0.409,65
116704758,312.71484399999997,-22.346588,23.835434,-35.671937,0,1.6903,2.0762,0.1813,46.0565,0.102,88
116880255,195.46875,-9.745426,307.211452,53.039574,0,0.4524,0.4668,0.0407,42.0826,0.035,42
117237294,145.722656,-18.839405,252.87680699999999,25.197255,0,0.1172,0.1028,1.0716,38.3795,0.045,15
117262615,322.264587,-48.336796,350.32300499999997,-45.742436,0,0.0537,0.0876,0.0125,38.0099,0.022000000000000002,42
117264461,173.144531,-39.065495,286.60544100000004,21.293155,0,0.1421,0.163,0.0218,39.4645,0.105,15
117562970,175.5,-58.540248999999996,293.960165,3.116731,0,0.0,0.0,0.0,,0.684,16
117596825,44.648438,-19.946699,205.941589,-60.072852000000005,0,0.4279,0.2207,0.5234,40.196,0.015,52
117995963,162.421875,-9.140394,259.565178,43.247616,0,0.2699,0.2776,0.0132,40.7614,0.032,90
118114060,187.734375,-6.129201,293.702115,56.374722,0,1.8504,2.0259,0.2452,45.9914,0.02,95
118230321,311.086945,-51.449459000000004,347.28578500000003,-38.238640000000004,0,0.068,0.068,0.0166,37.4292,0.027000000000000003,64
118262222,163.828125,-15.558919,266.038295,38.854216,0,0.2859,0.2667,0.8632,40.662,0.051,67
118329360,80.683594,-3.583322,205.768858,-21.331854999999997,0,0.4367,0.3423,0.3873,41.2876,0.306,90
118532728,291.796875,-6.429418,31.224249,-10.862654,0,0.0,0.0,0.0,,0.292,53
118551096,299.882812,-28.122234000000002,13.242817,-26.405671999999996,0,0.0,0.0,0.0,,0.078,65
118657889,140.625,-22.508004999999997,252.27588599999999,19.206954999999997,0,0.0,0.0,0.0,,0.055999999999999994,65
118664463,130.991898,-43.605746999999994,263.244912,-0.608874,0,0.0,0.0,0.0,,2.747,92
118813180,163.839783,-56.446381,287.35888700000004,2.8746389999999997,0,0.0,0.0,0.0,,0.5770000000000001,65
119220981,242.929688,3.1349270000000002,15.286112,36.535391,0,0.3708,0.3365,0.0395,41.2446,0.057,90
119260275,321.85546899999997,-12.941632,38.985438,-40.386083,0,0.106,0.0792,0.0291,37.7771,0.052000000000000005,64
119357431,68.554688,-26.443334999999998,225.597881,-40.705348,0,0.0,0.0,0.0,,0.035,65
119506614,220.957031,-12.941632,340.75096099999996,41.531856,0,0.2747,0.3006,0.0236,40.9606,0.075,90
119680583,169.277344,-31.388166,280.327947,27.310084999999997,0,0.3661,0.3504,0.0137,41.347,0.057,67
119851426,62.05078100000001,-41.810314,246.27633500000002,-47.520344,0,0.4957,0.4898,0.0235,42.2074,0.01,90
120030400,104.941406,0.596842,213.35010899999997,2.1250150000000003,0,0.0,0.0,0.0,,0.525,16
120425433,306.03515600000003,-40.620186,0.5099020000000001,-34.244371,0,0.0,0.0,0.0,,0.046,65
120482965,212.34375,-21.542267000000002,326.052759,37.805395000000004,0,0.0,0.0,0.0,,0.067,65
120489557,98.4375,-15.249382999999998,224.68688999999998,-10.727403,0,0.3192,0.2758,0.1368,40.7455,0.27,90
120524312,70.488281,-23.317957,222.309685,-38.175748,0,0.6751,0.6767,0.01,43.0571,0.037000000000000005,90
120808014,79.101562,-19.629557000000002,221.24436200000002,-29.399545,0,0.0,0.0,0.0,,0.04,65
120948964,271.018097,-48.727589,344.39687299999997,-12.840652,0,0.2861,0.3174,0.2713,41.0973,0.145,15
121069321,337.5,2.836105,68.639778,-44.617278000000006,0,0.3718,0.3745,0.0162,41.5158,0.071,90
121132132,37.047413,-46.571846,264.922756,-62.779906999999994,0,1.1602,2.1513,0.694,46.1508,0.01,42
121223034,162.070312,-36.981888,277.196518,19.660103,0,0.0,0.0,0.0,,0.052000000000000005,16
121615670,51.503906,-19.15501,208.628145,-53.730897,0,0.1781,0.2031,0.0104,39.9932,0.028999999999999998,62
121704427,228.164062,-23.806295000000002,340.00951000000003,28.715294,0,0.0,0.0,0.0,,0.138,65
121867654,153.808594,-37.1689,271.451881,15.97754,0,0.1402,0.1391,0.0063,39.0874,0.076,15
122145718,148.886719,-28.971533,262.707712,19.845132999999997,0,0.0789,0.0875,0.0171,38.0074,0.08199999999999999,15
122527067,235.722656,-5.079716,1.647891,37.546709,0,0.4344,0.4583,1.3271,42.0353,0.145,15
122845088,109.863281,-11.415158,226.26868900000002,0.924074,0,0.0,0.0,0.0,,0.7509999999999999,16
122904999,88.59375,-37.732746,243.669654,-26.904153000000004,0,0.5532,0.5466,0.0139,42.4939,0.035,42
123049303,175.389343,-44.20153,289.93314399999997,16.899314999999998,0,0.7446,0.8828,0.0506,43.7659,0.094,90
123429049,119.53125,-10.958863000000001,230.492008,9.438383,0,0.0,0.0,0.0,,0.09300000000000001,65
123434604,10.371094,-38.300922,312.887928,-78.634235,0,0.8405,0.7809,0.0429,43.4382,0.01,90
123442300,318.69140600000003,-14.169522,35.914332,-38.081173,0,0.5058,0.4307,0.1491,41.8747,0.073,90
123470724,54.492188,-6.429418,193.02982,-45.403662,0,0.0,0.0,0.0,,0.05,16
123478866,136.230469,-34.590576,258.924124,8.287611,0,0.0,0.0,0.0,,0.337,16
123500741,160.664062,-20.582914000000002,266.43352400000003,33.007979999999996,0,0.6898,0.6686,0.0171,43.025,0.028999999999999998,90
123809533,138.567078,-59.677783999999996,278.504854,-7.548139999999999,0,0.0,0.0,0.0,,0.222,65
123966600,336.97265600000003,-36.79533,6.120107,-58.267813000000004,0,0.5499,0.5271,0.0241,42.3988,0.01,90
124546893,242.402344,2.089372,13.836842,36.422507,0,0.0,0.0,0.0,,0.07200000000000001,65
124598677,113.90625,-27.784405,242.476547,-3.5365339999999996,0,0.0,0.0,0.0,,0.677,16
124702871,317.0625,-44.993881,355.48172400000004,-42.546508,0,0.0,0.0,0.0,,0.033,16
125176284,328.567841,-52.994609999999994,342.190388,-48.380527,0,0.2758,0.2863,0.0986,40.8384,0.013999999999999999,62
125835575,42.540985,-56.064457,274.809512,-54.092870999999995,0,0.0,0.0,0.0,,0.016,16
125893247,56.07421899999999,-22.993395,216.720166,-50.823408,0,0.3192,0.4213,0.129,41.8174,0.017,90
126141352,293.37890600000003,-1.193748,36.697078999999995,-9.901132,0,0.0,0.0,0.0,,0.22699999999999998,16
126251981,14.238281,-0.596842,126.01611299999999,-63.435556999999996,0,0.2002,0.2059,0.0072,40.0268,0.022000000000000002,67
126441371,72.070312,-13.094776,211.17249900000002,-33.163498,0,0.454,0.425,0.0313,41.8402,0.13699999999999998,90
126463327,351.03515600000003,-18.839405,50.771464,-68.307967,0,0.3615,0.3274,0.1975,41.1752,0.024,90
126547131,67.148438,-19.946699,216.935902,-40.081551,0,0.5442,0.623,0.0347,42.8383,0.027000000000000003,42
126564408,136.054688,-32.266234999999995,257.053667,9.705785,0,0.0,0.0,0.0,,0.201,6
126644087,64.511719,-19.78805,215.654787,-42.372054,0,0.0,0.0,0.0,,0.028999999999999998,65
126780686,69.960938,-3.1349270000000002,199.603245,-30.504959999999997,0,0.4183,0.3539,0.0419,41.3723,0.032,42
127209926,357.696838,-42.210369,338.396333,-70.4938,0,0.2294,0.4691,0.2294,42.0956,0.015,15
127540625,348.75,-20.264481,45.038154999999996,-66.926353,0,0.0,0.0,0.0,,0.025,16
127570499,356.132812,-10.958863000000001,75.500194,-67.43916899999999,0,0.1899,2.9653,0.9669,46.9957,0.03,90
128082415,65.742188,-1.044512,194.942012,-33.044145,0,0.3152,0.3274,0.0255,41.1755,0.069,15
128248681,139.274994,-52.801853,273.789154,-2.510336,0,0.0,0.0,0.0,,0.8370000000000001,16
128286823,59.58984399999999,-20.742379999999997,214.85943999999998,-47.052687,0,0.2796,0.2849,0.2629,40.8262,0.038,15
128895075,99.140625,-36.609226,245.26341200000002,-18.558038,0,0.3579,0.4973,0.7167,42.2473,0.087,52
129041496,84.902344,-28.971533,233.246567,-27.446391,0,0.2603,0.2655,0.0146,40.6511,0.026000000000000002,15
129329222,229.21875,-41.212543,330.271389,13.812272,0,0.1169,0.0645,0.0297,37.3108,0.102,62
129335528,2.636719,-11.415158,89.521266,-71.582755,0,0.0897,2.4455,0.7594,46.4897,0.027000000000000003,15
129416892,156.269531,-2.6867240000000003,247.314667,43.822879,0,0.0,0.0,0.0,,0.035,65
129705825,265.0,-47.945496,343.130199,-8.959896,0,0.0,0.0,0.0,,0.21100000000000002,16
129729789,209.355469,-3.2843690000000003,333.11069,55.672740000000005,0,0.2969,0.2835,0.0065,40.8138,0.038,90
129759341,187.910156,-35.318771000000005,298.385025,27.378133000000002,0,0.258,0.1002,0.761,38.319,0.059000000000000004,90
130108924,254.179688,-19.31304,1.760188,14.612169,0,0.0,0.0,0.0,,0.284,65
130188020,77.695312,-16.801838,217.659075,-29.609584,0,0.2024,0.5218,0.1283,42.3724,0.052000000000000005,90
130219752,355.163544,-50.091457,328.699808,-63.346833,0,0.0,0.0,0.0,,0.013000000000000001,6
130312781,133.242188,-24.788560999999998,249.573365,12.560887,0,0.0,0.0,0.0,,0.131,16
130386135,28.828125,-25.117701,208.535318,-75.53246899999999,0,0.0,0.0,0.0,,0.011000000000000001,65
130739978,26.71875,-14.940303,172.342697,-72.255675,0,0.0,0.0,0.0,,0.013000000000000001,65
130779836,301.992188,-17.426323,25.102988,-24.511101,0,0.0,0.0,0.0,,0.091,6
